Name, Index
深圳市物业发展(集团)股份有限公司, 0
中国南玻集团股份有限公司, 1
康佳集团股份有限公司, 2
深圳中华自行车(集团)股份有限公司, 3
神州长城股份有限公司, 4
深圳市深宝实业股份有限公司, 5
深圳中恒华发股份有限公司, 6
深圳赤湾港航股份有限公司, 7
深圳市特力(集团)股份有限公司, 8
飞亚达(集团)股份有限公司, 9
国药集团一致药业股份有限公司, 10
深圳经济特区房地产(集团)股份有限公司, 11
富奥汽车零部件股份有限公司, 12
深圳南山热电股份有限公司, 13
深圳市纺织(集团)股份有限公司, 14
深圳赤湾石油基地股份有限公司, 15
重庆建设汽车系统股份有限公司, 16
方大集团股份有限公司, 17
深圳市皇庭国际企业股份有限公司, 18
深圳赛格股份有限公司, 19
山东航空股份有限公司, 20
东沣科技集团股份有限公司, 21
广东舜喆(集团)股份有限公司, 22
东旭光电科技股份有限公司, 23
无锡小天鹅股份有限公司, 24
广东省高速公路发展股份有限公司, 25
山东晨鸣纸业集团股份有限公司, 26
海南珠江控股股份有限公司, 27
厦门灿坤实业股份有限公司, 28
合肥美菱股份有限公司, 29
大连冷冻机股份有限公司, 30
广东电力发展股份有限公司, 31
佛山电器照明股份有限公司, 32
江铃汽车股份有限公司, 33
湖北沙隆达股份有限公司, 34
常柴股份有限公司, 35
无锡威孚高科技集团股份有限公司, 36
安徽古井贡酒股份有限公司, 37
海南大东海旅游中心股份有限公司, 38
重庆长安汽车股份有限公司, 39
瓦房店轴承股份有限公司, 40
京东方科技集团股份有限公司, 41
鲁泰纺织股份有限公司, 42
本钢板材股份有限公司, 43
杭州汽轮机股份有限公司, 44
烟台张裕葡萄酿酒股份有限公司, 45
佛山华新包装股份有限公司, 46
山东省中鲁远洋渔业股份有限公司, 47
青岛特锐德电气股份有限公司, 48
北京神州泰岳软件股份有限公司, 49
乐普(北京)医疗器械股份有限公司, 50
南方风机股份有限公司, 51
探路者控股集团股份有限公司, 52
重庆莱美药业股份有限公司, 53
汉威科技集团股份有限公司, 54
天海融合防务装备技术股份有限公司, 55
安徽安科生物工程(集团)股份有限公司, 56
北京立思辰科技股份有限公司, 57
北京鼎汉技术股份有限公司, 58
华测检测认证集团股份有限公司, 59
江苏新宁现代物流股份有限公司, 60
惠州亿纬锂能股份有限公司, 61
爱尔眼科医院集团股份有限公司, 62
北京北陆药业股份有限公司, 63
网宿科技股份有限公司, 64
武汉中元华电科技股份有限公司, 65
成都硅宝科技股份有限公司, 66
银江股份有限公司, 67
大禹节水集团股份有限公司, 68
吉峰农机连锁股份有限公司, 69
西安宝德自动化股份有限公司, 70
沈阳新松机器人自动化股份有限公司, 71
杭州华星创业通信技术股份有限公司, 72
天津红日药业股份有限公司, 73
华谊兄弟传媒股份有限公司, 74
金亚科技股份有限公司, 75
江苏华盛天龙光电设备股份有限公司, 76
广州阳普医疗科技股份有限公司, 77
无锡宝通科技股份有限公司, 78
金龙机电股份有限公司, 79
浙江核新同花顺网络信息股份有限公司, 80
北京钢研高纳科技股份有限公司, 81
湖南中科电气股份有限公司, 82
北京超图软件股份有限公司, 83
深圳新宙邦科技股份有限公司, 84
北京梅泰诺通信技术股份有限公司, 85
上海凯宝药业股份有限公司, 86
哈尔滨九洲电气股份有限公司, 87
湖北回天新材料股份有限公司, 88
深圳市朗科科技股份有限公司, 89
星辉互动娱乐股份有限公司, 90
深圳市赛为智能股份有限公司, 91
北京华力创通科技股份有限公司, 92
湖北台基半导体股份有限公司, 93
深圳天源迪科信息技术股份有限公司, 94
北京合康新能科技股份有限公司, 95
内蒙古福瑞医疗科技股份有限公司, 96
珠海世纪鼎利科技股份有限公司, 97
厦门三五互联科技股份有限公司, 98
深圳中青宝互动网络股份有限公司, 99
珠海欧比特宇航科技股份有限公司, 100
湖北鼎龙控股股份有限公司, 101
北京万邦达环保技术股份有限公司, 102
厦门三维丝环保股份有限公司, 103
汕头万顺包装材料股份有限公司, 104
北京蓝色光标品牌管理顾问股份有限公司, 105
东方财富信息股份有限公司, 106
上海康耐特旗计智能科技集团股份有限公司, 107
中能电气股份有限公司, 108
广东天龙油墨集团股份有限公司, 109
郑州华晶金刚石股份有限公司, 110
北京海兰信数据科技股份有限公司, 111
三川智慧科技股份有限公司, 112
上海安诺其集团股份有限公司, 113
浙江南都电源动力股份有限公司, 114
浙江金利华电气股份有限公司, 115
北京碧水源科技股份有限公司, 116
北京华谊嘉信整合营销顾问集团股份有限公司, 117
北京三聚环保新材料股份有限公司, 118
北京当升材料科技股份有限公司, 119
华平信息技术股份有限公司, 120
北京数字政通科技股份有限公司, 121
宁波GQY视讯股份有限公司, 122
国民技术股份有限公司, 123
思创医惠科技股份有限公司, 124
北京数码视讯科技股份有限公司, 125
河南易成新能源股份有限公司, 126
恒信东方文化股份有限公司, 127
辽宁奥克化学股份有限公司, 128
广东劲胜智能集团股份有限公司, 129
海默科技(集团)股份有限公司, 130
深圳市银之杰科技股份有限公司, 131
康芝药业股份有限公司, 132
安徽荃银高科种业股份有限公司, 133
芜湖长信科技股份有限公司, 134
广东文化长城集团股份有限公司, 135
安徽盛运环保(集团)股份有限公司, 136
江苏金通灵流体机械科技股份有限公司, 137
四川科新机电股份有限公司, 138
广东金刚玻璃科技股份有限公司, 139
湛江国联水产开发股份有限公司, 140
江西华伍制动器股份有限公司, 141
易联众信息技术股份有限公司, 142
大连智云自动化装备股份有限公司, 143
高新兴科技集团股份有限公司, 144
尤洛卡精准信息工程股份有限公司, 145
宁波双林汽车部件股份有限公司, 146
成都振芯科技股份有限公司, 147
厦门乾照光电股份有限公司, 148
西安达刚路面机械股份有限公司, 149
乐视网信息技术(北京)股份有限公司, 150
烟台龙源电力技术股份有限公司, 151
新疆西部牧业股份有限公司, 152
河北建新化工股份有限公司, 153
吉药控股股份有限公司, 154
博爱新开源制药股份有限公司, 155
华仁药业股份有限公司, 156
浙江向日葵光能科技股份有限公司, 157
深圳万讯自控股份有限公司, 158
杭州顺网科技股份有限公司, 159
中航电测仪器股份有限公司, 160
深圳市长盈精密技术股份有限公司, 161
陕西坚瑞沃能股份有限公司, 162
北京嘉寓门窗幕墙股份有限公司, 163
东方日升新能源股份有限公司, 164
天津瑞普生物技术股份有限公司, 165
天津经纬电材股份有限公司, 166
山东阳谷华泰化工股份有限公司, 167
重庆智飞生物制品股份有限公司, 168
亚光科技集团股份有限公司, 169
深圳市汇川技术股份有限公司, 170
大连易世达新能源发展股份有限公司, 171
锐奇控股股份有限公司, 172
成都银河磁体股份有限公司, 173
苏州锦富技术股份有限公司, 174
上海泰胜风能装备股份有限公司, 175
深圳市新国都技术股份有限公司, 176
深圳市英唐智能控制股份有限公司, 177
福建青松股份有限公司, 178
浙江华策影视股份有限公司, 179
深圳市大富科技股份有限公司, 180
江苏宝利国际投资股份有限公司, 181
深圳市信维通信股份有限公司, 182
河北先河环保科技股份有限公司, 183
晨光生物科技集团股份有限公司, 184
北京晓程科技股份有限公司, 185
中节能环保装备股份有限公司, 186
苏州工业园区和顺电气股份有限公司, 187
云南沃森生物技术股份有限公司, 188
广东星普医学科技股份有限公司, 189
宋城演艺发展股份有限公司, 190
南方中金环境股份有限公司, 191
汤臣倍健股份有限公司, 192
广州市香雪制药股份有限公司, 193
天舟文化股份有限公司, 194
量子高科(中国)生物股份有限公司, 195
北京世纪瑞尔技术股份有限公司, 196
深圳市昌红科技股份有限公司, 197
徐州科融环境资源股份有限公司, 198
上海科泰电源股份有限公司, 199
深圳市瑞凌实业股份有限公司, 200
广东安居宝数码科技股份有限公司, 201
神雾环保技术股份有限公司, 202
恒泰艾普集团股份有限公司, 203
山西振东制药股份有限公司, 204
新疆机械研究院股份有限公司, 205
江苏秀强玻璃工艺股份有限公司, 206
武汉华中数控股份有限公司, 207
深圳雷曼光电科技股份有限公司, 208
宁波先锋新材料股份有限公司, 209
西安通源石油科技股份有限公司, 210
江苏天瑞仪器股份有限公司, 211
北京东方国信科技股份有限公司, 212
深圳市迪威迅股份有限公司, 213
万达信息股份有限公司, 214
常州天晟新材料股份有限公司, 215
上海汉得信息技术股份有限公司, 216
上海东富龙科技股份有限公司, 217
中电环保股份有限公司, 218
松德智慧装备股份有限公司, 219
福建元力活性炭股份有限公司, 220
朗源股份有限公司, 221
广东鸿特精密技术股份有限公司, 222
广州中海达卫星导航技术股份有限公司, 223
腾邦国际商业服务集团股份有限公司, 224
河南四方达超硬材料股份有限公司, 225
上海华峰超纤材料股份有限公司, 226
浙江佐力药业股份有限公司, 227
北京捷成世纪科技股份有限公司, 228
青岛东软载波科技股份有限公司, 229
武汉力源信息技术股份有限公司, 230
通裕重工股份有限公司, 231
永清环保股份有限公司, 232
厦门市美亚柏科信息股份有限公司, 233
海南神农基因科技股份有限公司, 234
江苏维尔利环保科技股份有限公司, 235
潜能恒信能源技术股份有限公司, 236
苏州科斯伍德油墨股份有限公司, 237
深圳市佳士科技股份有限公司, 238
福安药业(集团)股份有限公司, 239
天津长荣科技集团股份有限公司, 240
江苏长海复合材料股份有限公司, 241
深圳市铁汉生态环境股份有限公司, 242
福建纳川管材科技股份有限公司, 243
深圳翰宇药业股份有限公司, 244
北京高盟新材料股份有限公司, 245
徐州海伦哲专用车辆股份有限公司, 246
聚龙股份有限公司, 247
聚光科技(杭州)股份有限公司, 248
舒泰神(北京)生物制药股份有限公司, 249
武汉天喻信息产业股份有限公司, 250
深圳市理邦精密仪器股份有限公司, 251
欣旺达电子股份有限公司, 252
青岛市恒顺众昇集团股份有限公司, 253
天泽信息产业股份有限公司, 254
鞍山森远路桥股份有限公司, 255
江苏亿通高科技股份有限公司, 256
北京易华录信息技术股份有限公司, 257
北京佳讯飞鸿电气股份有限公司, 258
山东日科化学股份有限公司, 259
苏州电器科学研究院股份有限公司, 260
湖南千山制药机械股份有限公司, 261
镇江东方电热科技股份有限公司, 262
安徽安利材料科技股份有限公司, 263
鸿利智汇集团股份有限公司, 264
武汉金运激光股份有限公司, 265
广东银禧科技股份有限公司, 266
科大智能科技股份有限公司, 267
北京君正集成电路股份有限公司, 268
烟台正海磁性材料股份有限公司, 269
上海金力泰化工股份有限公司, 270
上海钢联电子商务股份有限公司, 271
深圳光韵达光电科技股份有限公司, 272
张家港富瑞特种装备股份有限公司, 273
北京拓尔思信息技术股份有限公司, 274
上海永利带业股份有限公司, 275
北京银信长远科技股份有限公司, 276
深圳市洲明科技股份有限公司, 277
山东金城医药集团股份有限公司, 278
浙江开尔新材料股份有限公司, 279
深圳市方直科技股份有限公司, 280
上海新阳半导体材料股份有限公司, 281
山东美晨生态环境股份有限公司, 282
冠昊生物科技股份有限公司, 283
包头东宝生物技术股份有限公司, 284
江苏飞力达国际物流股份有限公司, 285
深圳市瑞丰光电子股份有限公司, 286
广东明家联合移动科技股份有限公司, 287
山东瑞丰高分子材料股份有限公司, 288
迪安诊断技术集团股份有限公司, 289
上海天玑科技股份有限公司, 290
广东宝莱特医用科技股份有限公司, 291
安徽乐金健康科技股份有限公司, 292
新开普电子股份有限公司, 293
依米康科技集团股份有限公司, 294
杭州初灵信息技术股份有限公司, 295
北京光线传媒股份有限公司, 296
深圳金信诺高新技术股份有限公司, 297
卫宁健康科技集团股份有限公司, 298
山西仟源医药集团股份有限公司, 299
河北常山生化药业股份有限公司, 300
浙江星星科技股份有限公司, 301
浙江开山压缩机股份有限公司, 302
江苏太平洋精锻科技股份有限公司, 303
新天科技股份有限公司, 304
昆山新莱洁净应用材料股份有限公司, 305
雅本化学股份有限公司, 306
上海巴安水务股份有限公司, 307
洛阳隆华传热节能股份有限公司, 308
深圳市佳创视讯技术股份有限公司, 309
江苏通光电子线缆股份有限公司, 310
兴源环境科技股份有限公司, 311
湖南尔康制药股份有限公司, 312
佳沃农业开发股份有限公司, 313
深圳市联建光电股份有限公司, 314
杭州中威电子股份有限公司, 315
北京华宇软件股份有限公司, 316
上海开能环保设备股份有限公司, 317
珠海和佳医疗设备股份有限公司, 318
阳光电源股份有限公司, 319
重庆梅安森科技股份有限公司, 320
湖北三丰智能输送装备股份有限公司, 321
深圳海联讯科技股份有限公司, 322
华昌达智能装备集团股份有限公司, 323
无锡和晶科技股份有限公司, 324
南通锻压设备股份有限公司, 325
广东金明精机股份有限公司, 326
北京汇冠新技术股份有限公司, 327
温州宏丰电工合金股份有限公司, 328
苏交科集团股份有限公司, 329
山东国瓷功能材料股份有限公司, 330
安科瑞电气股份有限公司, 331
北京飞利信科技股份有限公司, 332
贵阳朗玛信息技术股份有限公司, 333
北京利德曼生化股份有限公司, 334
荣科科技股份有限公司, 335
北京华录百纳影视股份有限公司, 336
吴通控股集团股份有限公司, 337
沈阳蓝英工业自动化装备股份有限公司, 338
博雅生物制药集团股份有限公司, 339
江苏三六五网络股份有限公司, 340
利亚德光电股份有限公司, 341
蓝盾信息安全技术股份有限公司, 342
三诺生物传感股份有限公司, 343
富春科技股份有限公司, 344
汉鼎宇佑互联网股份有限公司, 345
深圳市长方集团股份有限公司, 346
北京同有飞骥科技股份有限公司, 347
深圳市聚飞光电股份有限公司, 348
江苏云意电气股份有限公司, 349
江苏裕兴薄膜科技股份有限公司, 350
杭州远方光电信息股份有限公司, 351
宁波慈星股份有限公司, 352
中际旭创股份有限公司, 353
吉艾科技集团股份公司, 354
广东宜通世纪科技股份有限公司, 355
任子行网络技术股份有限公司, 356
邦讯技术股份有限公司, 357
新疆天山畜牧生物工程股份有限公司, 358
宁波戴维医疗器械股份有限公司, 359
北京掌趣科技股份有限公司, 360
浙江晶盛机电股份有限公司, 361
深圳珈伟光伏照明股份有限公司, 362
北京博晖创新光电技术股份有限公司, 363
深圳市麦捷微电子科技股份有限公司, 364
江阴海达橡塑股份有限公司, 365
山东同大海岛新材料股份有限公司, 366
惠州硕贝德无线科技股份有限公司, 367
华灿光电股份有限公司, 368
北京旋极信息技术股份有限公司, 369
江苏德威新材料股份有限公司, 370
上海凯利泰医疗科技股份有限公司, 371
中颖电子股份有限公司, 372
东莞宜安科技股份有限公司, 373
海伦钢琴股份有限公司, 374
上海华虹计通智能系统股份有限公司, 375
苏州苏大维格光电科技股份有限公司, 376
天壕环境股份有限公司, 377
深圳兆日科技股份有限公司, 378
天津膜天膜科技股份有限公司, 379
广州迪森热能技术股份有限公司, 380
上海新文化传媒集团股份有限公司, 381
银邦金属复合材料股份有限公司, 382
长沙开元仪器股份有限公司, 383
江苏润和软件股份有限公司, 384
江门市科恒实业股份有限公司, 385
麦克奥迪(厦门)电气股份有限公司, 386
常熟市天银机电股份有限公司, 387
山东联创互联网传媒股份有限公司, 388
北京太空板业股份有限公司, 389
湖南红宇耐磨新材料股份有限公司, 390
江苏南大光电材料股份有限公司, 391
杭州泰格医药科技股份有限公司, 392
深圳市长亮科技股份有限公司, 393
金卡智能集团股份有限公司, 394
华鹏飞股份有限公司, 395
浙江永贵电器股份有限公司, 396
北京北信源软件股份有限公司, 397
北京东土科技股份有限公司, 398
江苏东华测试技术股份有限公司, 399
内蒙古蒙草生态环境(集团)股份有限公司, 400
光一科技股份有限公司, 401
浙江我武生物科技股份有限公司, 402
楚天科技股份有限公司, 403
全通教育集团(广东)股份有限公司, 404
杭州炬华科技股份有限公司, 405
成都天翔环境股份有限公司, 406
重庆博腾制药科技股份有限公司, 407
中文在线数字出版集团股份有限公司, 408
北京恒华伟业科技股份有限公司, 409
四川创意信息技术股份有限公司, 410
东方网力科技股份有限公司, 411
河北汇金机电股份有限公司, 412
北京神州绿盟信息安全科技股份有限公司, 413
北京安控科技股份有限公司, 414
汇中仪表股份有限公司, 415
扬州扬杰电子科技股份有限公司, 416
北京恒通创新赛木科技股份有限公司, 417
天津鹏翎胶管股份有限公司, 418
易事特集团股份有限公司, 419
深圳市赢时胜信息技术股份有限公司, 420
鼎捷软件股份有限公司, 421
北京东方通科技股份有限公司, 422
上海安硕信息技术股份有限公司, 423
广东溢多利生物科技股份有限公司, 424
苏州斯莱克精密设备股份有限公司, 425
北京光环新网科技股份有限公司, 426
北京三联虹普新合纤技术服务股份有限公司, 427
无锡雪浪环境科技股份有限公司, 428
飞天诚信科技股份有限公司, 429
湖北富邦科技股份有限公司, 430
安徽国祯环保节能科技股份有限公司, 431
深圳市艾比森光电股份有限公司, 432
苏州天华超净科技股份有限公司, 433
康跃科技股份有限公司, 434
北京腾信创新网络营销技术股份有限公司, 435
苏州中来光伏新材股份有限公司, 436
苏州天孚光通信股份有限公司, 437
湖北菲利华石英玻璃股份有限公司, 438
迪瑞医疗科技股份有限公司, 439
西安天和防务技术股份有限公司, 440
上海飞凯光电材料股份有限公司, 441
北京无线天利移动信息技术股份有限公司, 442
深圳市劲拓自动化设备股份有限公司, 443
浙江花园生物高科股份有限公司, 444
南京宝色股份公司, 445
江门市地尔汉宇电器股份有限公司, 446
广州博济医药生物技术股份有限公司, 447
辽宁科隆精细化工股份有限公司, 448
北京九强生物技术股份有限公司, 449
天津凯发电气股份有限公司, 450
潮州三环(集团)股份有限公司, 451
广东道氏技术股份有限公司, 452
广东正业科技股份有限公司, 453
浙江金盾风机股份有限公司, 454
浙江迦南科技股份有限公司, 455
快乐购物股份有限公司, 456
四川中光防雷科技股份有限公司, 457
广东伊之密精密机械股份有限公司, 458
苏州苏试试验集团股份有限公司, 459
佛山市南华仪器股份有限公司, 460
北京昆仑万维科技股份有限公司, 461
北京浩丰创源科技股份有限公司, 462
江苏五洋停车产业集团股份有限公司, 463
江苏力星通用钢球股份有限公司, 464
广西博世科环保科技股份有限公司, 465
山东鲁亿通智能电气股份有限公司, 466
广州航新航空科技股份有限公司, 467
环能科技股份有限公司, 468
浙江唐德影视股份有限公司, 469
红相股份有限公司, 470
河北四通新型金属材料股份有限公司, 471
常州强力电子新材料股份有限公司, 472
北京诚益通控制工程科技股份有限公司, 473
暴风集团股份有限公司, 474
绵阳富临精工机械股份有限公司, 475
蓝思科技股份有限公司, 476
四川金石东方新材料设备股份有限公司, 477
杭州中泰深冷技术股份有限公司, 478
福建广生堂药业股份有限公司, 479
河南清水源科技股份有限公司, 480
广州鹏辉能源科技股份有限公司, 481
美康生物科技股份有限公司, 482
成都运达科技股份有限公司, 483
宁波鲍斯能源装备股份有限公司, 484
上海普丽盛包装股份有限公司, 485
山东莱芜金雷风电科技股份有限公司, 486
北京双杰电气股份有限公司, 487
北京康斯特仪表科技股份有限公司, 488
保定乐凯新材料股份有限公司, 489
南京全信传输科技股份有限公司, 490
浩云科技股份有限公司, 491
北京汉邦高科数字技术股份有限公司, 492
无锡先导智能装备股份有限公司, 493
创业软件股份有限公司, 494
安徽山河药用辅料股份有限公司, 495
江西三鑫医疗科技股份有限公司, 496
北京康拓红外技术股份有限公司, 497
北京耐威科技股份有限公司, 498
深圳市赢合科技股份有限公司, 499
珠海全志科技股份有限公司, 500
浙江金科文化产业股份有限公司, 501
广东惠伦晶体科技股份有限公司, 502
浙江田中精机股份有限公司, 503
上海华铭智能终端设备股份有限公司, 504
迈克生物股份有限公司, 505
广东星徽精密制造股份有限公司, 506
高伟达软件股份有限公司, 507
赛摩电气股份有限公司, 508
四川迅游网络科技股份有限公司, 509
深圳四方精创资讯股份有限公司, 510
上海中信信息发展股份有限公司, 511
四川日机密封件股份有限公司, 512
成都华气厚普机电设备股份有限公司, 513
北京万向新元科技股份有限公司, 514
阜新德尔汽车部件股份有限公司, 515
长沙景嘉微电子股份有限公司, 516
安徽聚隆传动科技股份有限公司, 517
胜宏科技(惠州)股份有限公司, 518
北京合纵科技股份有限公司, 519
杭州高新橡塑材料股份有限公司, 520
神思电子技术股份有限公司, 521
光力科技股份有限公司, 522
濮阳惠成电子材料股份有限公司, 523
广州万孚生物技术股份有限公司, 524
上海沃施园艺股份有限公司, 525
深圳市蓝海华腾技术股份有限公司, 526
北京赛升药业股份有限公司, 527
山西东杰智能物流装备股份有限公司, 528
西安蓝晓科技新材料股份有限公司, 529
恒锋工具股份有限公司, 530
哈尔滨中飞新技术股份有限公司, 531
华自科技股份有限公司, 532
石家庄通合电子科技股份有限公司, 533
山鼎设计股份有限公司, 534
上海润欣科技股份有限公司, 535
湖北盛天网络技术股份有限公司, 536
美尚生态景观股份有限公司, 537
中科创达软件股份有限公司, 538
江西富祥药业股份有限公司, 539
广东温氏食品集团股份有限公司, 540
广州高澜节能技术股份有限公司, 541
启迪设计集团股份有限公司, 542
上海海顺新型药用包装材料股份有限公司, 543
成都新易盛通信技术股份有限公司, 544
广州市昊志机电股份有限公司, 545
昆明川金诺化工股份有限公司, 546
深圳市名家汇科技股份有限公司, 547
江苏奥力威传感高科股份有限公司, 548
上海维宏电子科技股份有限公司, 549
江苏新美星包装机械股份有限公司, 550
吉林省金冠电气股份有限公司, 551
上海雪榕生物科技股份有限公司, 552
杭州中亚机械股份有限公司, 553
北京恒泰实达科技股份有限公司, 554
深圳友讯达科技股份有限公司, 555
湖南三德科技股份有限公司, 556
湖北久之洋红外系统股份有限公司, 557
海波重型工程科技股份有限公司, 558
深圳市盛讯达科技股份有限公司, 559
浙江新光药业股份有限公司, 560
科大国创软件股份有限公司, 561
广州市爱司凯科技股份有限公司, 562
苏州世名科技股份有限公司, 563
北京辰安科技股份有限公司, 564
福建博思软件股份有限公司, 565
中潜股份有限公司, 566
湖北华舟重工应急装备股份有限公司, 567
幸福蓝海影视文化集团股份有限公司, 568
珠海健帆生物科技股份有限公司, 569
广东达志环保科技股份有限公司, 570
深圳市优博讯科技股份有限公司, 571
深圳市今天国际物流技术股份有限公司, 572
深圳冰川网络股份有限公司, 573
甘肃陇神戎发药业股份有限公司, 574
四川达威科技股份有限公司, 575
武汉农尚环境股份有限公司, 576
江苏广信感光新材料股份有限公司, 577
深圳市同益实业股份有限公司, 578
宁波横河模具股份有限公司, 579
成都深冷液化设备股份有限公司, 580
北京先进数通信息技术股份公司, 581
新晨科技股份有限公司, 582
深圳市朗科智能电气股份有限公司, 583
深圳市联得自动化装备股份有限公司, 584
深圳市雄帝科技股份有限公司, 585
四川川环科技股份有限公司, 586
博创科技股份有限公司, 587
优德精密工业(昆山)股份有限公司, 588
浙江和仁科技股份有限公司, 589
上海古鳌电子科技股份有限公司, 590
北京万集科技股份有限公司, 591
杭州集智机电股份有限公司, 592
南京三超新材料股份有限公司, 593
无锡路通视信网络股份有限公司, 594
丝路视觉科技股份有限公司, 595
武汉理工光科股份有限公司, 596
贝达药业股份有限公司, 597
成都佳发安泰科技股份有限公司, 598
中富通股份有限公司, 599
珠海汇金科技股份有限公司, 600
广东乐心医疗电子股份有限公司, 601
神宇通信科技股份公司, 602
深圳市科信通信技术股份有限公司, 603
宁波激智科技股份有限公司, 604
武汉精测电子集团股份有限公司, 605
深圳市星源材质科技股份有限公司, 606
青岛天能重工股份有限公司, 607
深圳太辰光通信股份有限公司, 608
杭州平治信息技术股份有限公司, 609
深圳市安车检测股份有限公司, 610
沈阳兴齐眼药股份有限公司, 611
江苏中旗科技股份有限公司, 612
深圳市容大感光科技股份有限公司, 613
安徽开润股份有限公司, 614
上海会畅通讯股份有限公司, 615
北京数字认证股份有限公司, 616
无锡贝斯特精机股份有限公司, 617
西安晨曦航空科技股份有限公司, 618
英飞特电子(杭州)股份有限公司, 619
山东赛托生物科技股份有限公司, 620
南京海辰药业股份有限公司, 621
南京奥联汽车电子电器股份有限公司, 622
广东美联新材料股份有限公司, 623
浙江天铁实业股份有限公司, 624
新疆熙菱信息技术股份有限公司, 625
江龙船艇科技股份有限公司, 626
上海移为通信技术股份有限公司, 627
广东万里马实业股份有限公司, 628
湖南华凯文化创意股份有限公司, 629
北京新雷能科技股份有限公司, 630
欧普康视科技股份有限公司, 631
天津利安隆新材料股份有限公司, 632
吉林吉大通信设计院股份有限公司, 633
诚迈科技(南京)股份有限公司, 634
广东雄塑科技集团股份有限公司, 635
常熟瑞特电气股份有限公司, 636
深圳康泰生物制品股份有限公司, 637
深圳市飞荣达科技股份有限公司, 638
立昂技术股份有限公司, 639
杭州长川科技股份有限公司, 640
恒锋信息科技股份有限公司, 641
东莞金太阳研磨股份有限公司, 642
广东拓斯达科技股份有限公司, 643
北京思特奇信息技术股份有限公司, 644
上海汇纳信息科技股份有限公司, 645
扬州晨化新材料股份有限公司, 646
浙江美力科技股份有限公司, 647
宣亚国际品牌管理(北京)股份有限公司, 648
上海富瀚微电子股份有限公司, 649
深圳市欣天科技股份有限公司, 650
广州尚品宅配家居股份有限公司, 651
江苏安靠智能输电工程科技股份有限公司, 652
南京寒锐钴业股份有限公司, 653
佛山市金银河智能装备股份有限公司, 654
珠海光库科技股份有限公司, 655
深圳市维业装饰集团股份有限公司, 656
博士眼镜连锁股份有限公司, 657
江苏捷捷微电子股份有限公司, 658
万兴科技股份有限公司, 659
广东三雄极光照明股份有限公司, 660
华瑞电器股份有限公司, 661
上海华测导航技术股份有限公司, 662
厦门亿联网络技术股份有限公司, 663
广东新劲刚新材料科技股份有限公司, 664
海南普利制药股份有限公司, 665
江苏久吾高科技股份有限公司, 666
厦门光莆电子股份有限公司, 667
深圳开立生物医疗科技股份有限公司, 668
广东达安项目管理股份有限公司, 669
江西同和药业股份有限公司, 670
浙江扬帆新材料股份有限公司, 671
深圳市广和通无线股份有限公司, 672
广东凯普生物科技股份有限公司, 673
德艺文化创意集团股份有限公司, 674
江苏正丹化学工业股份有限公司, 675
上海透景生命科技股份有限公司, 676
万通智控科技股份有限公司, 677
南京聚隆科技股份有限公司, 678
浙江正元智慧科技股份有限公司, 679
深圳市超频三科技股份有限公司, 680
福建星云电子股份有限公司, 681
杭州园林设计院股份有限公司, 682
太龙(福建)商业照明股份有限公司, 683
江苏金陵体育器材股份有限公司, 684
杭州雷迪克节能科技股份有限公司, 685
烟台正海生物科技股份有限公司, 686
山东世纪天鸿文教科技股份有限公司, 687
苏州晶瑞化学股份有限公司, 688
深圳市民德电子科技股份有限公司, 689
厦门弘信电子科技股份有限公司, 690
厦门延江新材料股份有限公司, 691
中孚信息股份有限公司, 692
江苏雷利电机股份有限公司, 693
圣邦微电子(北京)股份有限公司, 694
北京科锐国际人力资源股份有限公司, 695
北京科蓝软件系统股份有限公司, 696
鹏鹞环保股份有限公司, 697
株洲飞鹿高新材料技术股份有限公司, 698
宁波江丰电子材料股份有限公司, 699
北京必创科技股份有限公司, 700
深圳市杰恩创意设计股份有限公司, 701
杭州沪宁电梯部件股份有限公司, 702
江苏大烨智能电气股份有限公司, 703
深圳市富满电子集团股份有限公司, 704
湖南国科微电子股份有限公司, 705
佩蒂动物营养科技股份有限公司, 706
深圳市建筑科学研究院股份有限公司, 707
深圳华大基因股份有限公司, 708
山东英科医疗用品股份有限公司, 709
中科院成都信息技术股份有限公司, 710
电连技术股份有限公司, 711
无锡隆盛科技股份有限公司, 712
珠海英搏尔电气股份有限公司, 713
朗新科技股份有限公司, 714
武汉海特生物制药股份有限公司, 715
北京中石伟业科技股份有限公司, 716
厦门艾德生物医药科技股份有限公司, 717
深圳市智动力精密技术股份有限公司, 718
广州赛意信息科技股份有限公司, 719
创业黑马(北京)科技股份有限公司, 720
深圳市澄天伟业科技股份有限公司, 721
山东双一科技股份有限公司, 722
中山联合光电科技股份有限公司, 723
安徽中环环保科技股份有限公司, 724
深圳市盛弘电气股份有限公司, 725
浙江兆丰机电股份有限公司, 726
成都爱乐达航空制造股份有限公司, 727
江阴电工合金股份有限公司, 728
万马科技股份有限公司, 729
威海光威复合材料股份有限公司, 730
长沙岱勒新材料科技股份有限公司, 731
南阳森霸光电股份有限公司, 732
浙江天宇药业股份有限公司, 733
宁波创源文化发展股份有限公司, 734
湖南九典制药股份有限公司, 735
福建阿石创新材料股份有限公司, 736
无锡威唐工业技术股份有限公司, 737
聚灿光电科技股份有限公司, 738
江苏精研科技股份有限公司, 739
杭州万隆光电设备股份有限公司, 740
广州广哈通信股份有限公司, 741
福建永福电力设计股份有限公司, 742
深圳市英可瑞科技股份有限公司, 743
江苏凯伦建材股份有限公司, 744
广东国立科技股份有限公司, 745
江苏华信新材料股份有限公司, 746
浙江长盛滑动轴承股份有限公司, 747
北京安达维尔科技股份有限公司, 748
广东海川智能机器股份有限公司, 749
江苏怡达化学股份有限公司, 750
江西新余国科科技股份有限公司, 751
一品红药业股份有限公司, 752
南京药石科技股份有限公司, 753
株洲宏达电子股份有限公司, 754
宁波润禾高新材料科技股份有限公司, 755
乐歌人体工学科技股份有限公司, 756
湖南科创信息技术股份有限公司, 757
深圳科创新源新材料股份有限公司, 758
河南省交通规划设计研究院股份有限公司, 759
成都西菱动力科技股份有限公司, 760
惠州光弘科技股份有限公司, 761
北京百华悦邦科技股份有限公司, 762
科顺防水科技股份有限公司, 763
广东奥飞数据科技股份有限公司, 764
深圳明阳电路科技股份有限公司, 765
御家汇股份有限公司, 766
华宝香精股份有限公司, 767
上海浦东发展银行股份有限公司, 768
广州白云国际机场股份有限公司, 769
东风汽车股份有限公司, 770
中国国际贸易中心股份有限公司, 771
北京首创股份有限公司, 772
上海国际机场股份有限公司, 773
内蒙古包钢钢联股份有限公司, 774
华能国际电力股份有限公司, 775
安徽皖通高速公路股份有限公司, 776
华夏银行股份有限公司, 777
中国民生银行股份有限公司, 778
日照港股份有限公司, 779
上海国际港务(集团)股份有限公司, 780
宝山钢铁股份有限公司, 781
河南中原高速公路股份有限公司, 782
上海电力股份有限公司, 783
山东钢铁股份有限公司, 784
浙江浙能电力股份有限公司, 785
华能澜沧江水电股份有限公司, 786
中远海运能源运输股份有限公司, 787
华电国际电力股份有限公司, 788
中国石油化工股份有限公司, 789
中国南方航空股份有限公司, 790
中信证券股份有限公司, 791
三一重工股份有限公司, 792
福建发展高速公路股份有限公司, 793
湖北楚天智能交通股份有限公司, 794
招商银行股份有限公司, 795
北京歌华有线电视网络股份有限公司, 796
中航直升机股份有限公司, 797
四川路桥建设集团股份有限公司, 798
保利房地产(集团)股份有限公司, 799
中国联合网络通信股份有限公司, 800
宁波联合集团股份有限公司, 801
浙江广厦股份有限公司, 802
昆吾九鼎投资控股股份有限公司, 803
黄山旅游发展股份有限公司, 804
北京万东医疗科技股份有限公司, 805
中国医药健康产业股份有限公司, 806
厦门象屿股份有限公司, 807
五矿发展股份有限公司, 808
浙江古越龙山绍兴酒股份有限公司, 809
青岛海信电器股份有限公司, 810
国投资本股份有限公司, 811
华润双鹤药业股份有限公司, 812
安徽皖维高新材料股份有限公司, 813
南京高科股份有限公司, 814
郑州宇通客车股份有限公司, 815
冠城大通股份有限公司, 816
中国葛洲坝集团股份有限公司, 817
河南银鸽实业投资股份有限公司, 818
浙江富润股份有限公司, 819
凤凰光学股份有限公司, 820
中船科技股份有限公司, 821
上海梅林正广和股份有限公司, 822
江苏保千里视像科技集团股份有限公司, 823
新疆天业股份有限公司, 824
康欣新材料股份有限公司, 825
宋都基业投资股份有限公司, 826
江苏澄星磷化工股份有限公司, 827
人福医药集团股份公司, 828
金花企业(集团)股份有限公司, 829
东风电子科技股份有限公司, 830
天津海泰科技发展股份有限公司, 831
广东博信投资控股股份有限公司, 832
中信国安葡萄酒业股份有限公司, 833
北京同仁堂股份有限公司, 834
东方金钰股份有限公司, 835
中视传媒股份有限公司, 836
特变电工股份有限公司, 837
新疆同济堂健康产业股份有限公司, 838
包头明天科技股份有限公司, 839
易见供应链管理股份有限公司, 840
上海大名城企业股份有限公司, 841
哈尔滨高科技(集团)股份有限公司, 842
云南云天化股份有限公司, 843
上海开创国际海洋资源股份有限公司, 844
广州发展集团股份有限公司, 845
林海股份有限公司, 846
同方股份有限公司, 847
四川明星电力股份有限公司, 848
福建省青山纸业股份有限公司, 849
上海汽车集团股份有限公司, 850
江苏永鼎股份有限公司, 851
重庆路桥股份有限公司, 852
湖北美尔雅股份有限公司, 853
甘肃亚盛实业(集团)股份有限公司, 854
国金证券股份有限公司, 855
诺德投资股份有限公司, 856
中国北方稀土(集团)高科技股份有限公司, 857
贵州长征天成控股股份有限公司, 858
浙江东日股份有限公司, 859
东睦新材料集团股份有限公司, 860
中国东方航空股份有限公司, 861
重庆三峡水利电力(集团)股份有限公司, 862
西宁特殊钢股份有限公司, 863
中国东方红卫星股份有限公司, 864
长发集团长江投资实业股份有限公司, 865
浙江东方集团股份有限公司, 866
郑州煤电股份有限公司, 867
江苏宏图高科技股份有限公司, 868
山西兰花科技创业股份有限公司, 869
中铁铁龙集装箱物流股份有限公司, 870
杭州钢铁股份有限公司, 871
金健米业股份有限公司, 872
江苏弘业股份有限公司, 873
重庆太极实业(集团)股份有限公司, 874
宁波波导股份有限公司, 875
四川岷江水利电力股份有限公司, 876
重庆啤酒股份有限公司, 877
武汉东湖高新集团股份有限公司, 878
乐凯胶片股份有限公司, 879
武汉当代明诚文化股份有限公司, 880
四川浪莎控股股份有限公司, 881
中青旅控股股份有限公司, 882
四川西部资源控股股份有限公司, 883
湖北兴发化工集团股份有限公司, 884
金发科技股份有限公司, 885
新疆亿路万源实业投资控股股份有限公司, 886
商赢环球股份有限公司, 887
长春一东离合器股份有限公司, 888
廊坊发展股份有限公司, 889
中国船舶工业股份有限公司, 890
上海航天汽车机电股份有限公司, 891
宁波维科精华集团股份有限公司, 892
厦门建发股份有限公司, 893
河北宝硕股份有限公司, 894
湖南华升股份有限公司, 895
永泰能源股份有限公司, 896
中体产业集团股份有限公司, 897
北京市大龙伟业房地产开发股份有限公司, 898
浙江巨化股份有限公司, 899
北京天坛生物制品股份有限公司, 900
深圳香江控股股份有限公司, 901
中闽能源股份有限公司, 902
宁夏新日恒力钢丝绳股份有限公司, 903
北汽福田汽车股份有限公司, 904
联美量子股份有限公司, 905
武汉三镇实业控股股份有限公司, 906
太原重工股份有限公司, 907
上海建工集团股份有限公司, 908
上海贝岭股份有限公司, 909
河南黄河旋风股份有限公司, 910
卧龙地产集团股份有限公司, 911
美都能源股份有限公司, 912
中国巨石股份有限公司, 913
雅戈尔集团股份有限公司, 914
哈尔滨东安汽车动力股份有限公司, 915
安通控股股份有限公司, 916
瑞茂通供应链管理股份有限公司, 917
佳通轮胎股份有限公司, 918
广东生益科技股份有限公司, 919
北方光电股份有限公司, 920
格力地产股份有限公司, 921
莲花健康产业集团股份有限公司, 922
黑龙江国中水务股份有限公司, 923
兖州煤业股份有限公司, 924
吉林森林工业股份有限公司, 925
锦州港股份有限公司, 926
包头华资实业股份有限公司, 927
兰州长城电工股份有限公司, 928
上海创兴资源开发股份有限公司, 929
中牧实业股份有限公司, 930
上海复星医药(集团)股份有限公司, 931
新疆伊力特实业股份有限公司, 932
大唐电信科技股份有限公司, 933
安徽金种子酒业股份有限公司, 934
江苏吴中实业股份有限公司, 935
金宇生物技术股份有限公司, 936
哈尔滨空调股份有限公司, 937
福建福日电子股份有限公司, 938
有研新材料股份有限公司, 939
河南安彩高科股份有限公司, 940
新湖中宝股份有限公司, 941
罗顿发展股份有限公司, 942
上海紫江企业集团股份有限公司, 943
西藏诺迪康药业股份有限公司, 944
山东江泉实业股份有限公司, 945
扬州亚星客车股份有限公司, 946
长春经开(集团)股份有限公司, 947
浙江医药股份有限公司, 948
中再资源环境股份有限公司, 949
安徽全柴动力股份有限公司, 950
山东南山铝业股份有限公司, 951
江苏阳光股份有限公司, 952
海南航空控股股份有限公司, 953
河南太龙药业股份有限公司, 954
鲁商置业股份有限公司, 955
天津松江股份有限公司, 956
浙江瀚叶股份有限公司, 957
贵州赤天化股份有限公司, 958
江西昌九生物化工股份有限公司, 959
青岛城市传媒股份有限公司, 960
沧州大化股份有限公司, 961
凌源钢铁股份有限公司, 962
浙江金鹰股份有限公司, 963
圆通速递股份有限公司, 964
山西广和山水文化传播股份有限公司, 965
民丰特种纸股份有限公司, 966
广西桂冠电力股份有限公司, 967
安徽铜峰电子股份有限公司, 968
海南椰岛(集团)股份有限公司, 969
云南城投置业股份有限公司, 970
北京华业资本控股股份有限公司, 971
辽宁时代万恒股份有限公司, 972
中昌大数据股份有限公司, 973
青海华鼎实业股份有限公司, 974
北京万通地产股份有限公司, 975
吉林成城集团股份有限公司, 976
陕西延长石油化建股份有限公司, 977
柳州两面针股份有限公司, 978
南京纺织品进出口股份有限公司, 979
新疆冠农果茸集团股份有限公司, 980
广西梧州中恒集团股份有限公司, 981
安徽梦舟实业股份有限公司, 982
广汇能源股份有限公司, 983
大湖水殖股份有限公司, 984
北京首旅酒店(集团)股份有限公司, 985
广晟有色金属股份有限公司, 986
湖北凯乐科技股份有限公司, 987
浙江阳光照明电器集团股份有限公司, 988
内蒙古北方重型汽车股份有限公司, 989
云南景谷林业股份有限公司, 990
北京城建投资发展股份有限公司, 991
浙江海正药业股份有限公司, 992
国电南京自动化股份有限公司, 993
江西赣粤高速公路股份有限公司, 994
中外运空运发展股份有限公司, 995
航天信息股份有限公司, 996
上海开开实业股份有限公司, 997
浙江嘉化能源化工股份有限公司, 998
湖北武昌鱼股份有限公司, 999
江苏恒瑞医药股份有限公司, 1000
亿利洁能股份有限公司, 1001
东方国际创业股份有限公司, 1002
重庆港九股份有限公司, 1003
南京中央商场(集团)股份有限公司, 1004
太原化工股份有限公司, 1005
南京钢铁股份有限公司, 1006
钱江水利开发股份有限公司, 1007
上海浦东路桥建设股份有限公司, 1008
河南羚锐制药股份有限公司, 1009
江苏舜天股份有限公司, 1010
大恒新纪元科技股份有限公司, 1011
亿阳信通股份有限公司, 1012
华仪电气股份有限公司, 1013
内蒙古西水创业股份有限公司, 1014
国家电投集团远达环保股份有限公司, 1015
湖北三峡新型建材股份有限公司, 1016
内蒙古鄂尔多斯资源股份有限公司, 1017
广汇汽车服务股份公司, 1018
安琪酵母股份有限公司, 1019
蓝星安迪苏股份有限公司, 1020
维维食品饮料股份有限公司, 1021
南宁化工股份有限公司, 1022
西安标准工业股份有限公司, 1023
辽宁曙光汽车集团股份有限公司, 1024
江苏恒顺醋业股份有限公司, 1025
沈阳商业城股份有限公司, 1026
甘肃酒钢集团宏兴钢铁股份有限公司, 1027
山东华泰纸业股份有限公司, 1028
万华化学集团股份有限公司, 1029
广西桂东电力股份有限公司, 1030
甘肃荣华实业(集团)股份有限公司, 1031
河南平高电气股份有限公司, 1032
中农发种业集团股份有限公司, 1033
上海家化联合股份有限公司, 1034
江西洪都航空工业股份有限公司, 1035
营口港务股份有限公司, 1036
安徽新力金融股份有限公司, 1037
潍坊亚星化学股份有限公司, 1038
上海振华重工(集团)股份有限公司, 1039
正源控股股份有限公司, 1040
天津市房地产发展(集团)股份有限公司, 1041
瀚蓝环境股份有限公司, 1042
珠海华发实业股份有限公司, 1043
西藏天路股份有限公司, 1044
无锡商业大厦大东方股份有限公司, 1045
内蒙古兰太实业股份有限公司, 1046
天津中新药业集团股份有限公司, 1047
天通控股股份有限公司, 1048
四川宏达股份有限公司, 1049
广州白云山医药集团股份有限公司, 1050
长春燃气股份有限公司, 1051
国机汽车股份有限公司, 1052
澳柯玛股份有限公司, 1053
美克国际家居用品股份有限公司, 1054
西藏珠峰资源股份有限公司, 1055
中国石油集团工程股份有限公司, 1056
华夏幸福基业股份有限公司, 1057
陕西航天动力高科技股份有限公司, 1058
武汉长江通信产业集团股份有限公司, 1059
恒力石化股份有限公司, 1060
阳泉煤业(集团)股份有限公司, 1061
山东高速股份有限公司, 1062
亚宝药业集团股份有限公司, 1063
浙江龙盛集团股份有限公司, 1064
成都旭光电子股份有限公司, 1065
甘肃省敦煌种业股份有限公司, 1066
精伦电子股份有限公司, 1067
牡丹江恒丰纸业股份有限公司, 1068
国旅联合股份有限公司, 1069
新疆塔里木农业综合开发股份有限公司, 1070
吉林华微电子股份有限公司, 1071
北京华联综合超市股份有限公司, 1072
江西铜业股份有限公司, 1073
江西联创光电科技股份有限公司, 1074
通化葡萄酒股份有限公司, 1075
宁波韵升股份有限公司, 1076
贵州红星发展股份有限公司, 1077
广西五洲交通股份有限公司, 1078
西南证券股份有限公司, 1079
江苏三房巷实业股份有限公司, 1080
万向德农股份有限公司, 1081
中航航空电子系统股份有限公司, 1082
中文天地出版传媒股份有限公司, 1083
华菱星马汽车(集团)股份有限公司, 1084
北京首都开发股份有限公司, 1085
江苏宁沪高速公路股份有限公司, 1086
四川天一科技股份有限公司, 1087
陕西宝光真空电器股份有限公司, 1088
健康元药业集团股份有限公司, 1089
青海春天药用资源科技股份有限公司, 1090
广东明珠集团股份有限公司, 1091
金地(集团)股份有限公司, 1092
山东金泰集团股份有限公司, 1093
北京巴士传媒股份有限公司, 1094
浙江海越股份有限公司, 1095
福建龙净环保股份有限公司, 1096
南通江山农药化工股份有限公司, 1097
五矿资本股份有限公司, 1098
中国航发航空科技股份有限公司, 1099
盛和资源控股股份有限公司, 1100
广州粤泰集团股份有限公司, 1101
贵州盘江精煤股份有限公司, 1102
沈阳金山能源股份有限公司, 1103
安源煤业集团股份有限公司, 1104
海澜之家股份有限公司, 1105
抚顺特殊钢股份有限公司, 1106
江苏红豆实业股份有限公司, 1107
海润光伏科技股份有限公司, 1108
河南大有能源股份有限公司, 1109
北京动力源科技股份有限公司, 1110
国电南瑞科技股份有限公司, 1111
山西安泰集团股份有限公司, 1112
唐山三友化工股份有限公司, 1113
北京华胜天成科技股份有限公司, 1114
浙江中国小商品城集团股份有限公司, 1115
湘潭电机股份有限公司, 1116
安徽江淮汽车集团股份有限公司, 1117
新疆天润乳业股份有限公司, 1118
上海现代制药股份有限公司, 1119
湖北仰帆控股股份有限公司, 1120
昆药集团股份有限公司, 1121
柳州化工股份有限公司, 1122
新疆青松建材化工(集团)股份有限公司, 1123
山东华鲁恒升化工股份有限公司, 1124
中远海运特种运输股份有限公司, 1125
北京三元食品股份有限公司, 1126
广东冠豪高新技术股份有限公司, 1127
北方导航控制技术股份有限公司, 1128
漳州片仔癀药业股份有限公司, 1129
通威股份有限公司, 1130
河南瑞贝卡发制品股份有限公司, 1131
国机通用机械科技股份有限公司, 1132
深圳市金证科技股份有限公司, 1133
华纺股份有限公司, 1134
宁夏建材集团股份有限公司, 1135
重庆涪陵电力实业股份有限公司, 1136
西安博通资讯股份有限公司, 1137
宝鸡钛业股份有限公司, 1138
株洲时代新材料科技股份有限公司, 1139
贵研铂业股份有限公司, 1140
杭州士兰微电子股份有限公司, 1141
江西洪城水业股份有限公司, 1142
深圳九有股份有限公司, 1143
北京空港科技园区股份有限公司, 1144
四川蓝光发展股份有限公司, 1145
山东好当家海洋发展股份有限公司, 1146
天津百利特精电气股份有限公司, 1147
风神轮胎股份有限公司, 1148
安徽六国化工股份有限公司, 1149
无锡华光锅炉股份有限公司, 1150
湖南湘邮科技股份有限公司, 1151
杭萧钢构股份有限公司, 1152
湖南科力远新能源股份有限公司, 1153
株洲千金药业股份有限公司, 1154
凌云工业股份有限公司, 1155
双良节能系统股份有限公司, 1156
中国船舶重工集团动力股份有限公司, 1157
福建福能股份有限公司, 1158
北京信威科技集团股份有限公司, 1159
江苏扬农化工股份有限公司, 1160
江苏亨通光电股份有限公司, 1161
天津天药药业股份有限公司, 1162
中金黄金股份有限公司, 1163
鹏欣环球资源股份有限公司, 1164
龙元建设集团股份有限公司, 1165
福建凤竹纺织科技股份有限公司, 1166
晋西车轴股份有限公司, 1167
长江精工钢结构(集团)股份有限公司, 1168
云南驰宏锌锗股份有限公司, 1169
烽火通信科技股份有限公司, 1170
广东科达洁能股份有限公司, 1171
中化国际(控股)股份有限公司, 1172
航天晨光股份有限公司, 1173
安徽水利开发股份有限公司, 1174
华丽家族股份有限公司, 1175
四川西昌电力股份有限公司, 1176
新疆库尔勒香梨股份有限公司, 1177
方大特钢科技股份有限公司, 1178
上海大屯能源股份有限公司, 1179
新疆天富能源股份有限公司, 1180
黑牡丹(集团)股份有限公司, 1181
国药集团药业股份有限公司, 1182
腾达建设集团股份有限公司, 1183
江苏联环药业股份有限公司, 1184
海航基础设施投资集团股份有限公司, 1185
方大炭素新材料科技股份有限公司, 1186
上海置信电气股份有限公司, 1187
康美药业股份有限公司, 1188
贵州茅台酒股份有限公司, 1189
文一三佳科技股份有限公司, 1190
浙江华海药业股份有限公司, 1191
江苏中天科技股份有限公司, 1192
贵州贵航汽车零部件股份有限公司, 1193
长园集团股份有限公司, 1194
浙江菲达环保科技股份有限公司, 1195
江苏江南高纤股份有限公司, 1196
中铁高新工业股份有限公司, 1197
山东省药用玻璃股份有限公司, 1198
上海交大昂立股份有限公司, 1199
河南豫光金铅股份有限公司, 1200
上海宏达矿业股份有限公司, 1201
南京栖霞建设股份有限公司, 1202
天士力医药集团股份有限公司, 1203
中国软件与技术服务股份有限公司, 1204
亿晶光电科技股份有限公司, 1205
北海国发海洋生物产业股份有限公司, 1206
太原狮头水泥股份有限公司, 1207
新疆赛里木现代农业股份有限公司, 1208
甘肃莫高实业发展股份有限公司, 1209
卓郎智能技术股份有限公司, 1210
山煤国际能源集团股份有限公司, 1211
山东黄金矿业股份有限公司, 1212
深圳高速公路股份有限公司, 1213
厦门钨业股份有限公司, 1214
保定天威保变电气股份有限公司, 1215
时代出版传媒股份有限公司, 1216
凯盛科技股份有限公司, 1217
海航创新股份有限公司, 1218
广西慧金科技股份有限公司, 1219
江苏康缘药业股份有限公司, 1220
四川大西洋焊接材料股份有限公司, 1221
河北衡水老白干酒业股份有限公司, 1222
北京金自天正智能控制股份有限公司, 1223
江西长运股份有限公司, 1224
国睿科技股份有限公司, 1225
厦门法拉电子股份有限公司, 1226
重庆市迪马实业股份有限公司, 1227
湖北济川药业股份有限公司, 1228
山鹰国际控股股份公司, 1229
中珠医疗控股股份有限公司, 1230
安阳钢铁股份有限公司, 1231
恒生电子股份有限公司, 1232
信雅达系统工程股份有限公司, 1233
浙江康恩贝制药股份有限公司, 1234
福建省燕京惠泉啤酒股份有限公司, 1235
安徽皖江物流(集团)股份有限公司, 1236
浙江祥源文化股份有限公司, 1237
铜陵精达特种电磁线股份有限公司, 1238
北京京能电力股份有限公司, 1239
青岛天华院化学工程股份有限公司, 1240
卧龙电气集团股份有限公司, 1241
新疆八一钢铁股份有限公司, 1242
天地科技股份有限公司, 1243
海洋石油工程股份有限公司, 1244
江苏长电科技股份有限公司, 1245
安徽海螺水泥股份有限公司, 1246
山东金晶科技股份有限公司, 1247
山东新华医疗器械股份有限公司, 1248
用友网络科技股份有限公司, 1249
广东榕泰实业股份有限公司, 1250
泰豪科技股份有限公司, 1251
福建龙溪轴承(集团)股份有限公司, 1252
大连圣亚旅游控股股份有限公司, 1253
贵州益佰制药股份有限公司, 1254
河南中孚实业股份有限公司, 1255
浙江新安化工集团股份有限公司, 1256
光明乳业股份有限公司, 1257
黑龙江北大荒农业股份有限公司, 1258
熊猫金控股份有限公司, 1259
青岛啤酒股份有限公司, 1260
方正科技集团股份有限公司, 1261
云赛智联股份有限公司, 1262
广汇物流股份有限公司, 1263
上海市北高新股份有限公司, 1264
上海汇通能源股份有限公司, 1265
绿地控股集团股份有限公司, 1266
上海宽频科技股份有限公司, 1267
金杯汽车股份有限公司, 1268
上海中毅达股份有限公司, 1269
大众交通(集团)股份有限公司, 1270
老凤祥股份有限公司, 1271
上海神奇制药投资管理股份有限公司, 1272
鹏起科技发展股份有限公司, 1273
上海丰华(集团)股份有限公司, 1274
上海金枫酒业股份有限公司, 1275
山西省国新能源股份有限公司, 1276
上海氯碱化工股份有限公司, 1277
上海海立(集团)股份有限公司, 1278
上海市天宸股份有限公司, 1279
上海华鑫股份有限公司, 1280
光大嘉宝股份有限公司, 1281
上海华谊集团股份有限公司, 1282
上海复旦复华科技股份有限公司, 1283
上海申达股份有限公司, 1284
上海新世界股份有限公司, 1285
华东建筑集团股份有限公司, 1286
上海龙头(集团)股份有限公司, 1287
浙报数字文化集团股份有限公司, 1288
上海富控互动娱乐股份有限公司, 1289
上海大众公用事业(集团)股份有限公司, 1290
上海三爱富新材料股份有限公司, 1291
东方明珠新媒体股份有限公司, 1292
上海新黄浦置业股份有限公司, 1293
上海金桥出口加工区开发股份有限公司, 1294
号百控股股份有限公司, 1295
上海万业企业股份有限公司, 1296
申能股份有限公司, 1297
上海爱建集团股份有限公司, 1298
乐山电力股份有限公司, 1299
中源协和细胞基因工程股份有限公司, 1300
上海同达创业投资股份有限公司, 1301
上海外高桥集团股份有限公司, 1302
上海城投控股股份有限公司, 1303
上海锦江国际实业投资股份有限公司, 1304
上海飞乐音响股份有限公司, 1305
上海游久游戏股份有限公司, 1306
上海申华控股股份有限公司, 1307
中安消股份有限公司, 1308
上海豫园旅游商城股份有限公司, 1309
信达地产股份有限公司, 1310
北京电子城投资开发集团股份有限公司, 1311
福耀玻璃工业集团股份有限公司, 1312
上海新南洋股份有限公司, 1313
上海强生控股股份有限公司, 1314
上海陆家嘴金融贸易区开发股份有限公司, 1315
哈药集团股份有限公司, 1316
天地源股份有限公司, 1317
奥瑞德光电股份有限公司, 1318
无锡市太极实业股份有限公司, 1319
浙江尖峰集团股份有限公司, 1320
杭州天目山药业股份有限公司, 1321
广东东阳光科技控股股份有限公司, 1322
四川川投能源股份有限公司, 1323
中华企业股份有限公司, 1324
上海交运集团股份有限公司, 1325
航天通信控股集团股份有限公司, 1326
四川金顶(集团)股份有限公司, 1327
上海凤凰企业(集团)股份有限公司, 1328
上海普天邮通科技股份有限公司, 1329
百川能源股份有限公司, 1330
南京新街口百货商店股份有限公司, 1331
京投发展股份有限公司, 1332
广州珠江实业开发股份有限公司, 1333
中船海洋与防务装备股份有限公司, 1334
厦门金龙汽车集团股份有限公司, 1335
甘肃刚泰控股(集团)股份有限公司, 1336
中国石化上海石油化工股份有限公司, 1337
上海三毛企业(集团)股份有限公司, 1338
青岛海尔股份有限公司, 1339
阳煤化工股份有限公司, 1340
上海亚通股份有限公司, 1341
福建东百集团股份有限公司, 1342
大商股份有限公司, 1343
上海绿庭投资控股集团股份有限公司, 1344
上海岩石企业发展股份有限公司, 1345
长春欧亚集团股份有限公司, 1346
湖南天雁机械股份有限公司, 1347
宁波均胜电子股份有限公司, 1348
哈尔滨工大高新技术产业开发股份有限公司, 1349
舍得酒业股份有限公司, 1350
三安光电股份有限公司, 1351
物产中大集团股份有限公司, 1352
中航资本控股股份有限公司, 1353
西安曲江文化旅游股份有限公司, 1354
彩虹显示器件股份有限公司, 1355
光明房地产集团股份有限公司, 1356
苏美达股份有限公司, 1357
盛屯矿业集团股份有限公司, 1358
南宁百货大楼股份有限公司, 1359
南京医药股份有限公司, 1360
青海金瑞矿业发展股份有限公司, 1361
文投控股股份有限公司, 1362
江苏凤凰置业投资股份有限公司, 1363
天津港股份有限公司, 1364
东软集团股份有限公司, 1365
大连热电股份有限公司, 1366
甘肃祁连山水泥集团股份有限公司, 1367
新疆百花村股份有限公司, 1368
河北金牛化工股份有限公司, 1369
北京首商集团股份有限公司, 1370
宁波富达股份有限公司, 1371
云南云维股份有限公司, 1372
华电能源股份有限公司, 1373
山东鲁北化工股份有限公司, 1374
佳都新太科技股份有限公司, 1375
重庆百货大楼股份有限公司, 1376
中国高科集团股份有限公司, 1377
湖南海利化工股份有限公司, 1378
上海新梅置业股份有限公司, 1379
成都前锋电子股份有限公司, 1380
福建实达集团股份有限公司, 1381
山东新华锦国际股份有限公司, 1382
苏州新区高新技术产业股份有限公司, 1383
中粮屯河糖业股份有限公司, 1384
兰州民百(集团)股份有限公司, 1385
辽宁成大股份有限公司, 1386
山西焦化股份有限公司, 1387
华域汽车系统股份有限公司, 1388
长春一汽富维汽车零部件股份有限公司, 1389
华远地产股份有限公司, 1390
大唐华银电力股份有限公司, 1391
闻泰科技股份有限公司, 1392
江苏索普化工股份有限公司, 1393
大连大福控股股份有限公司, 1394
上海实业发展股份有限公司, 1395
西藏旅游股份有限公司, 1396
江中药业股份有限公司, 1397
天津天海投资发展股份有限公司, 1398
河南东方银星投资股份有限公司, 1399
上海锦江国际酒店发展股份有限公司, 1400
厦门国贸集团股份有限公司, 1401
浪潮软件股份有限公司, 1402
长江出版传媒股份有限公司, 1403
辽宁红阳能源投资股份有限公司, 1404
洲际油气股份有限公司, 1405
中航沈飞股份有限公司, 1406
安徽合力股份有限公司, 1407
通策医疗投资股份有限公司, 1408
中国船舶重工集团海洋防务与信息对抗股份有限公司, 1409
中航重机股份有限公司, 1410
烟台园城黄金股份有限公司, 1411
运盛(上海)医疗科技股份有限公司, 1412
宁波富邦精业集团股份有限公司, 1413
武汉祥龙电业股份有限公司, 1414
江苏综艺股份有限公司, 1415
广誉远中药股份有限公司, 1416
西藏城市发展投资股份有限公司, 1417
武汉市汉商集团股份有限公司, 1418
南京熊猫电子股份有限公司, 1419
东方通信股份有限公司, 1420
山东新潮能源股份有限公司, 1421
新疆友好(集团)股份有限公司, 1422
四川水井坊股份有限公司, 1423
山西通宝能源股份有限公司, 1424
辅仁药业集团实业股份有限公司, 1425
新余钢铁股份有限公司, 1426
鲁信创业投资集团股份有限公司, 1427
鲁银投资集团股份有限公司, 1428
银川新华百货商业集团股份有限公司, 1429
中储发展股份有限公司, 1430
山东鲁抗医药股份有限公司, 1431
浙江中国轻纺城集团股份有限公司, 1432
京能置业股份有限公司, 1433
云南煤业能源股份有限公司, 1434
宜宾纸业股份有限公司, 1435
张家港保税科技(集团)股份有限公司, 1436
国电电力发展股份有限公司, 1437
浙江钱江生物化学股份有限公司, 1438
浙大网新科技股份有限公司, 1439
宁波海运股份有限公司, 1440
天津环球磁卡股份有限公司, 1441
华新水泥股份有限公司, 1442
福建水泥股份有限公司, 1443
新奥生态控股股份有限公司, 1444
鹏博士电信传媒集团股份有限公司, 1445
江苏悦达投资股份有限公司, 1446
山东天业恒基股份有限公司, 1447
马鞍山钢铁股份有限公司, 1448
山西杏花村汾酒厂股份有限公司, 1449
神马实业股份有限公司, 1450
东方集团股份有限公司, 1451
华北制药股份有限公司, 1452
杭州解百集团股份有限公司, 1453
厦门厦工机械股份有限公司, 1454
安信信托股份有限公司, 1455
西安宏盛科技发展股份有限公司, 1456
中路股份有限公司, 1457
上海耀皮玻璃集团股份有限公司, 1458
上海隧道工程股份有限公司, 1459
天津劝业场(集团)股份有限公司, 1460
上海物资贸易股份有限公司, 1461
上海世茂股份有限公司, 1462
上海益民商业集团股份有限公司, 1463
上海新华传媒股份有限公司, 1464
上海兰生股份有限公司, 1465
上海百联集团股份有限公司, 1466
茂业商业股份有限公司, 1467
哈药集团人民同泰医药股份有限公司, 1468
香溢融通控股集团股份有限公司, 1469
陕西广电网络传媒(集团)股份有限公司, 1470
上海第一医药股份有限公司, 1471
上海申通地铁股份有限公司, 1472
上海机电股份有限公司, 1473
上海界龙实业集团股份有限公司, 1474
海通证券股份有限公司, 1475
上海九百股份有限公司, 1476
四川长虹电器股份有限公司, 1477
上海柴油机股份有限公司, 1478
上工申贝(集团)股份有限公司, 1479
丹化化工科技股份有限公司, 1480
上海宝信软件股份有限公司, 1481
上海同济科技实业股份有限公司, 1482
重庆万里新能源股份有限公司, 1483
上海临港控股股份有限公司, 1484
上海华东电脑股份有限公司, 1485
上海海欣集团股份有限公司, 1486
龙建路桥股份有限公司, 1487
江苏春兰制冷设备股份有限公司, 1488
北京航天长峰股份有限公司, 1489
长春中天能源股份有限公司, 1490
宁波中百股份有限公司, 1491
银座集团股份有限公司, 1492
王府井集团股份有限公司, 1493
北京京城机电股份有限公司, 1494
北京城乡商业(集团)股份有限公司, 1495
中航航空高科技股份有限公司, 1496
内蒙古蒙电华能热电股份有限公司, 1497
哈尔滨哈投投资股份有限公司, 1498
百大集团股份有限公司, 1499
广东肇庆星湖生物科技股份有限公司, 1500
通化东宝药业股份有限公司, 1501
广东梅雁吉祥水电股份有限公司, 1502
远东智慧能源股份有限公司, 1503
厦门华侨电子股份有限公司, 1504
中石化石油工程技术服务股份有限公司, 1505
中炬高新技术实业(集团)股份有限公司, 1506
梅花生物科技集团股份有限公司, 1507
天津创业环保集团股份有限公司, 1508
东方电气股份有限公司, 1509
洛阳玻璃股份有限公司, 1510
中国嘉陵工业股份有限公司(集团), 1511
航天时代电子技术股份有限公司, 1512
成都博瑞传播股份有限公司, 1513
吉林亚泰(集团)股份有限公司, 1514
上海广泽食品科技股份有限公司, 1515
云南博闻科技实业股份有限公司, 1516
宁波杉杉股份有限公司, 1517
宏发科技股份有限公司, 1518
国投电力控股股份有限公司, 1519
内蒙古伊利实业集团股份有限公司, 1520
新疆众和股份有限公司, 1521
南京化纤股份有限公司, 1522
中房置业股份有限公司, 1523
哈尔滨秋林集团股份有限公司, 1524
大晟时代文化投资股份有限公司, 1525
中国航发动力股份有限公司, 1526
广州广日股份有限公司, 1527
上海张江高科技园区开发股份有限公司, 1528
览海医疗产业投资股份有限公司, 1529
元翔(厦门)国际航空港股份有限公司, 1530
国美通讯设备股份有限公司, 1531
中国长江电力股份有限公司, 1532
江苏金融租赁股份有限公司, 1533
贵州燃气集团股份有限公司, 1534
无锡农村商业银行股份有限公司, 1535
华安证券股份有限公司, 1536
重庆燃气集团股份有限公司, 1537
江苏银行股份有限公司, 1538
杭州银行股份有限公司, 1539
爱柯迪股份有限公司, 1540
广西广播电视信息网络股份有限公司, 1541
重庆建工集团股份有限公司, 1542
东方证券股份有限公司, 1543
江苏省广电有线信息网络股份有限公司, 1544
渤海汽车系统股份有限公司, 1545
株洲冶炼集团股份有限公司, 1546
国投中鲁果汁股份有限公司, 1547
岳阳林纸股份有限公司, 1548
河北福成五丰食品股份有限公司, 1549
山东博汇纸业股份有限公司, 1550
内蒙古第一机械集团股份有限公司, 1551
湖南郴电国际发展股份有限公司, 1552
中国中材国际工程股份有限公司, 1553
安徽恒源煤电股份有限公司, 1554
宝胜科技创新股份有限公司, 1555
湖南新五丰股份有限公司, 1556
健民药业集团股份有限公司, 1557
中国电影股份有限公司, 1558
宜华生活科技股份有限公司, 1559
四川广安爱众股份有限公司, 1560
北矿科技股份有限公司, 1561
江苏汇鸿国际集团股份有限公司, 1562
宁波热电股份有限公司, 1563
惠而浦(中国)股份有限公司, 1564
陕西建设机械股份有限公司, 1565
安徽雷鸣科化股份有限公司, 1566
科达集团股份有限公司, 1567
浙江航民股份有限公司, 1568
赤峰吉隆黄金矿业股份有限公司, 1569
安徽四创电子股份有限公司, 1570
贵州钢绳股份有限公司, 1571
马应龙药业集团股份有限公司, 1572
云南文山电力股份有限公司, 1573
贵州省广播电视信息网络股份有限公司, 1574
开滦能源化工股份有限公司, 1575
九州通医药集团股份有限公司, 1576
招商证券股份有限公司, 1577
唐山港集团股份有限公司, 1578
大同煤业股份有限公司, 1579
晋亿实业股份有限公司, 1580
柳州钢铁股份有限公司, 1581
重庆钢铁股份有限公司, 1582
大秦铁路股份有限公司, 1583
金陵饭店股份有限公司, 1584
江苏连云港港口股份有限公司, 1585
南京银行股份有限公司, 1586
文峰大世界连锁发展股份有限公司, 1587
宝泰隆新材料股份有限公司, 1588
隆基绿能科技股份有限公司, 1589
陕西黑猫焦化股份有限公司, 1590
中节能风力发电股份有限公司, 1591
宁波舟山港股份有限公司, 1592
山东出版传媒股份有限公司, 1593
西藏华钰矿业股份有限公司, 1594
春秋航空股份有限公司, 1595
江苏玉龙钢管股份有限公司, 1596
第一拖拉机股份有限公司, 1597
赛轮金宇集团股份有限公司, 1598
西部黄金股份有限公司, 1599
甘肃国芳工贸(集团)股份有限公司, 1600
中国神华能源股份有限公司, 1601
中南出版传媒集团股份有限公司, 1602
太平洋证券股份有限公司, 1603
江苏恒立液压股份有限公司, 1604
北京昊华能源股份有限公司, 1605
中国第一重型机械股份公司, 1606
四川成渝高速公路股份有限公司, 1607
财通证券股份有限公司, 1608
中国国际航空股份有限公司, 1609
义乌华鼎锦纶股份有限公司, 1610
三江购物俱乐部股份有限公司, 1611
中国化学工程股份有限公司, 1612
海南天然橡胶产业集团股份有限公司, 1613
北京四方继保自动化股份有限公司, 1614
重庆小康工业集团股份有限公司, 1615
江苏常熟农村商业银行股份有限公司, 1616
宁波博威合金材料股份有限公司, 1617
深圳市燃气集团股份有限公司, 1618
新城控股集团股份有限公司, 1619
重庆水务集团股份有限公司, 1620
三角轮胎股份有限公司, 1621
兴业银行股份有限公司, 1622
西部矿业股份有限公司, 1623
北京银行股份有限公司, 1624
杭州前进齿轮箱集团股份有限公司, 1625
中国西电电气股份有限公司, 1626
中国铁建股份有限公司, 1627
黑龙江交通发展股份有限公司, 1628
东兴证券股份有限公司, 1629
江苏江南水务股份有限公司, 1630
上海环境集团股份有限公司, 1631
四川东材科技集团股份有限公司, 1632
国泰君安证券股份有限公司, 1633
白银有色集团股份有限公司, 1634
内蒙古君正能源化工集团股份有限公司, 1635
江苏吉鑫风能科技股份有限公司, 1636
江苏林洋能源股份有限公司, 1637
陕西煤业股份有限公司, 1638
华电重工股份有限公司, 1639
广州港股份有限公司, 1640
上海银行股份有限公司, 1641
环旭电子股份有限公司, 1642
桐昆集团股份有限公司, 1643
广州汽车集团股份有限公司, 1644
庞大汽贸集团股份有限公司, 1645
中国农业银行股份有限公司, 1646
骆驼集团股份有限公司, 1647
中国平安保险(集团)股份有限公司, 1648
秦皇岛港股份有限公司, 1649
交通银行股份有限公司, 1650
广深铁路股份有限公司, 1651
新华人寿保险股份有限公司, 1652
百隆东方股份有限公司, 1653
三六零安全科技股份有限公司, 1654
利群商业集团股份有限公司, 1655
广西绿城水务股份有限公司, 1656
西安陕鼓动力股份有限公司, 1657
中原证券股份有限公司, 1658
兴业证券股份有限公司, 1659
怡球金属资源再生(中国)股份有限公司, 1660
中国中铁股份有限公司, 1661
中国工商银行股份有限公司, 1662
江苏通用科技股份有限公司, 1663
汕头东风印刷股份有限公司, 1664
吉林高速公路股份有限公司, 1665
上海大智慧股份有限公司, 1666
东吴证券股份有限公司, 1667
华锐风电科技(集团)股份有限公司, 1668
九牧王股份有限公司, 1669
宁波三星医疗电气股份有限公司, 1670
会稽山绍兴酒股份有限公司, 1671
北京北辰实业股份有限公司, 1672
上海电影股份有限公司, 1673
江苏鹿港文化股份有限公司, 1674
中国铝业股份有限公司, 1675
中国太平洋保险(集团)股份有限公司, 1676
上海医药集团股份有限公司, 1677
中信重工机械股份有限公司, 1678
中国核工业建设股份有限公司, 1679
上海广电电气(集团)股份有限公司, 1680
中国冶金科工股份有限公司, 1681
宁夏嘉泽新能源股份有限公司, 1682
中国人寿保险股份有限公司, 1683
长城汽车股份有限公司, 1684
株洲旗滨集团股份有限公司, 1685
平顶山天安煤业股份有限公司, 1686
中国建筑股份有限公司, 1687
中国电力建设股份有限公司, 1688
河南明泰铝业股份有限公司, 1689
滨化集团股份有限公司, 1690
华泰证券股份有限公司, 1691
宁波拓普集团股份有限公司, 1692
山西潞安环保能源开发股份有限公司, 1693
常熟风范电力设备股份有限公司, 1694
郑州煤矿机械集团股份有限公司, 1695
际华集团股份有限公司, 1696
上海电气集团股份有限公司, 1697
中国中车股份有限公司, 1698
力帆实业(集团)股份有限公司, 1699
光大证券股份有限公司, 1700
宁波建工股份有限公司, 1701
甘肃蓝科石化高新装备股份有限公司, 1702
常州星宇车灯股份有限公司, 1703
中国交通建设股份有限公司, 1704
安徽新华传媒股份有限公司, 1705
中海油田服务股份有限公司, 1706
新华文轩出版传媒股份有限公司, 1707
中国光大银行股份有限公司, 1708
红星美凯龙家居集团股份有限公司, 1709
成都银行股份有限公司, 1710
中国石油天然气股份有限公司, 1711
中国科技出版传媒股份有限公司, 1712
中远海运发展股份有限公司, 1713
招商局能源运输股份有限公司, 1714
浙江正泰电器股份有限公司, 1715
浙商证券股份有限公司, 1716
大连港股份有限公司, 1717
中国银河证券股份有限公司, 1718
宁波海天精工股份有限公司, 1719
江河创建集团股份有限公司, 1720
中国国旅股份有限公司, 1721
江苏亚星锚链股份有限公司, 1722
中国中煤能源股份有限公司, 1723
紫金矿业集团股份有限公司, 1724
南方出版传媒股份有限公司, 1725
方正证券股份有限公司, 1726
北京京运通科技股份有限公司, 1727
中煤新集能源股份有限公司, 1728
中远海运控股股份有限公司, 1729
江苏凤凰出版传媒股份有限公司, 1730
吉视传媒股份有限公司, 1731
永辉超市股份有限公司, 1732
中国建设银行股份有限公司, 1733
中国出版传媒股份有限公司, 1734
江苏省农垦农业发展股份有限公司, 1735
金堆城钼业股份有限公司, 1736
中国汽车工程研究院股份有限公司, 1737
山东玲珑轮胎股份有限公司, 1738
上海宝钢包装股份有限公司, 1739
海南矿业股份有限公司, 1740
中国核能电力股份有限公司, 1741
中国银行股份有限公司, 1742
中国船舶重工股份有限公司, 1743
大唐国际发电股份有限公司, 1744
北京金隅集团股份有限公司, 1745
广西丰林木业集团股份有限公司, 1746
贵阳银行股份有限公司, 1747
中信银行股份有限公司, 1748
北方联合出版传媒(集团)股份有限公司, 1749
人民网股份有限公司, 1750
浙江奥康鞋业股份有限公司, 1751
宏昌电子材料股份有限公司, 1752
上海龙宇燃油股份有限公司, 1753
苏州晶方半导体科技股份有限公司, 1754
上海联明机械股份有限公司, 1755
花王生态工程股份有限公司, 1756
喜临门家具股份有限公司, 1757
上海北特科技股份有限公司, 1758
浙江万盛股份有限公司, 1759
合肥合锻智能制造股份有限公司, 1760
上海创力集团股份有限公司, 1761
宁波弘讯科技股份有限公司, 1762
无锡新宏泰电器科技股份有限公司, 1763
中衡设计集团股份有限公司, 1764
中设设计集团股份有限公司, 1765
曙光信息产业股份有限公司, 1766
爱普香料集团股份有限公司, 1767
山东华鹏玻璃股份有限公司, 1768
上海新通联包装股份有限公司, 1769
哈尔滨威帝电子股份有限公司, 1770
北京大豪科技股份有限公司, 1771
山东石大胜华化工集团股份有限公司, 1772
千禾味业食品股份有限公司, 1773
江苏赛福天钢索股份有限公司, 1774
山东天鹅棉业机械股份有限公司, 1775
上海全筑建筑装饰集团股份有限公司, 1776
安徽安德利百货股份有限公司, 1777
德力西新疆交通运输集团股份有限公司, 1778
浙江三维橡胶制品股份有限公司, 1779
常熟市汽车饰件股份有限公司, 1780
江苏如通石油机械股份有限公司, 1781
上海凯众材料科技股份有限公司, 1782
东莞市华立实业股份有限公司, 1783
上海泛微网络科技股份有限公司, 1784
杭州新坐标科技股份有限公司, 1785
江苏美思德化学股份有限公司, 1786
南京华脉科技股份有限公司, 1787
广州酒家集团股份有限公司, 1788
石家庄科林电气股份有限公司, 1789
浙江台华新材料股份有限公司, 1790
德邦物流股份有限公司, 1791
贵州永吉印务股份有限公司, 1792
倍加洁集团股份有限公司, 1793
中国建材检验认证集团股份有限公司, 1794
深圳市禾望电气股份有限公司, 1795
南京音飞储存设备(集团)股份有限公司, 1796
湖北振华化学股份有限公司, 1797
海南海汽运输集团股份有限公司, 1798
宁波乐惠国际工程装备股份有限公司, 1799
四川和邦生物科技股份有限公司, 1800
江阴江化微电子材料股份有限公司, 1801
浙江圣达生物药业股份有限公司, 1802
新疆火炬燃气股份有限公司, 1803
浙江大丰实业股份有限公司, 1804
上海剑桥科技股份有限公司, 1805
浙江天成自控股份有限公司, 1806
山东先达农化股份有限公司, 1807
宁波精达成形装备股份有限公司, 1808
浙江正裕工业股份有限公司, 1809
无锡宏盛换热器制造股份有限公司, 1810
新经典文化股份有限公司, 1811
森特士兴集团股份有限公司, 1812
长白山旅游股份有限公司, 1813
重庆川仪自动化股份有限公司, 1814
新疆汇嘉时代百货股份有限公司, 1815
横店影视股份有限公司, 1816
恒银金融科技股份有限公司, 1817
上海润达医疗科技股份有限公司, 1818
新东方新材料股份有限公司, 1819
南京康尼机电股份有限公司, 1820
金能科技股份有限公司, 1821
浙江红蜻蜓鞋业股份有限公司, 1822
江苏万林现代物流股份有限公司, 1823
深圳市共进电子股份有限公司, 1824
北京翠微大厦股份有限公司, 1825
中材节能股份有限公司, 1826
北京昭衍新药研究中心股份有限公司, 1827
港中旅华贸国际物流股份有限公司, 1828
浙江春风动力股份有限公司, 1829
上海沪工焊接集团股份有限公司, 1830
碳元科技股份有限公司, 1831
江苏天目湖旅游股份有限公司, 1832
北京海量数据技术股份有限公司, 1833
陕西康惠制药股份有限公司, 1834
河北养元智汇饮品股份有限公司, 1835
上海拉夏贝尔服饰股份有限公司, 1836
常州腾龙汽车零部件股份有限公司, 1837
上海亚虹模具股份有限公司, 1838
深圳市汇顶科技股份有限公司, 1839
科华控股股份有限公司, 1840
浙江荣晟环保纸业股份有限公司, 1841
桂林福达股份有限公司, 1842
渤海轮渡集团股份有限公司, 1843
浙江莎普爱思药业股份有限公司, 1844
兰州兰石重型装备股份有限公司, 1845
浙江德创环保科技股份有限公司, 1846
宁波圣龙汽车动力系统股份有限公司, 1847
江苏新泉汽车饰件股份有限公司, 1848
厦门金牌厨柜股份有限公司, 1849
浙江皇马科技股份有限公司, 1850
苏州市建筑科学研究院集团股份有限公司, 1851
浙江华正新材料股份有限公司, 1852
江苏亚邦染料股份有限公司, 1853
上海网达软件股份有限公司, 1854
日播时尚集团股份有限公司, 1855
上海保隆汽车科技股份有限公司, 1856
安徽迎驾贡酒股份有限公司, 1857
安徽九华山旅游发展股份有限公司, 1858
上海洗霸科技股份有限公司, 1859
快克智能装备股份有限公司, 1860
江山欧派门业股份有限公司, 1861
日月重工股份有限公司, 1862
浙江济民制药股份有限公司, 1863
恒通物流股份有限公司, 1864
新凤鸣集团股份有限公司, 1865
上海菲林格尔木业股份有限公司, 1866
新疆雪峰科技(集团)股份有限公司, 1867
深圳市景旺电子股份有限公司, 1868
浙江奥翔药业股份有限公司, 1869
上海格尔软件股份有限公司, 1870
大参林医药集团股份有限公司, 1871
杭州诺邦无纺股份有限公司, 1872
浙江仙通橡塑股份有限公司, 1873
杭州电魂网络科技股份有限公司, 1874
合盛硅业股份有限公司, 1875
宁波天龙电子股份有限公司, 1876
广东松发陶瓷股份有限公司, 1877
江苏海鸥冷却塔股份有限公司, 1878
银都餐饮设备股份有限公司, 1879
山东大业股份有限公司, 1880
苏州赛腾精密电子股份有限公司, 1881
江苏日盈电子股份有限公司, 1882
佛山市海天调味食品股份有限公司, 1883
泰瑞机器股份有限公司, 1884
杭叉集团股份有限公司, 1885
江苏井神盐化股份有限公司, 1886
浙江华铁建筑安全科技股份有限公司, 1887
横店集团得邦照明股份有限公司, 1888
宁波旭升汽车技术股份有限公司, 1889
华懋(厦门)新材料科技股份有限公司, 1890
安徽应流机电股份有限公司, 1891
广州维力医疗器械股份有限公司, 1892
浙江金海环境技术股份有限公司, 1893
梦百合家居科技股份有限公司, 1894
辽宁福鞍重工股份有限公司, 1895
浙江诚邦园林股份有限公司, 1896
大连派思燃气系统股份有限公司, 1897
湖南机油泵股份有限公司, 1898
浙江迪贝电气股份有限公司, 1899
浙江梅轮电梯股份有限公司, 1900
广东超讯通信技术股份有限公司, 1901
江苏吴江农村商业银行股份有限公司, 1902
南京我乐家居股份有限公司, 1903
广东依顿电子科技股份有限公司, 1904
上海雅仕投资发展股份有限公司, 1905
上海天洋热熔粘接材料股份有限公司, 1906
浙江百达精工股份有限公司, 1907
四川明星电缆股份有限公司, 1908
广东迪生力汽配股份有限公司, 1909
宏辉果蔬股份有限公司, 1910
杰克缝纫机股份有限公司, 1911
浙江鼎力机械股份有限公司, 1912
南通四方冷链装备股份有限公司, 1913
福建安井食品股份有限公司, 1914
莱克电气股份有限公司, 1915
宣城市华菱精工科技股份有限公司, 1916
安徽省交通规划设计研究总院股份有限公司, 1917
华达汽车科技股份有限公司, 1918
江苏东珠景观股份有限公司, 1919
大连百傲化学股份有限公司, 1920
福建傲农生物科技集团股份有限公司, 1921
上海水星家用纺织品股份有限公司, 1922
日出东方太阳能股份有限公司, 1923
辰欣药业股份有限公司, 1924
广西柳州医药股份有限公司, 1925
江苏今世缘酒业股份有限公司, 1926
东方时尚驾驶学校股份有限公司, 1927
亚士创能科技(上海)股份有限公司, 1928
苏州易德龙科技股份有限公司, 1929
福建顶点软件股份有限公司, 1930
惠达卫浴股份有限公司, 1931
广东骏亚电子科技股份有限公司, 1932
基蛋生物科技股份有限公司, 1933
浙江元成园林集团股份有限公司, 1934
亚振家居股份有限公司, 1935
新疆鑫泰天然气股份有限公司, 1936
营口金辰机械股份有限公司, 1937
广东邦宝益智玩具股份有限公司, 1938
锦州吉翔钼业股份有限公司, 1939
无锡信捷电气股份有限公司, 1940
青岛鼎信通讯股份有限公司, 1941
安徽集友新材料股份有限公司, 1942
厦门吉比特网络技术股份有限公司, 1943
浙江九洲药业股份有限公司, 1944
贵州省交通规划勘察设计研究院股份有限公司, 1945
上海风语筑展示股份有限公司, 1946
四川振静股份有限公司, 1947
展鹏科技股份有限公司, 1948
恒为科技(上海)股份有限公司, 1949
上海翔港包装科技股份有限公司, 1950
浙江天台祥和实业股份有限公司, 1951
上海韦尔半导体股份有限公司, 1952
金石资源集团股份有限公司, 1953
南都物业服务股份有限公司, 1954
江苏振江新能源装备股份有限公司, 1955
河南思维自动化设备股份有限公司, 1956
欧普照明股份有限公司, 1957
北京淳中科技股份有限公司, 1958
绝味食品股份有限公司, 1959
维格娜丝时装股份有限公司, 1960
江苏立霸实业股份有限公司, 1961
浙江司太立制药股份有限公司, 1962
安徽众源新材料股份有限公司, 1963
多伦科技股份有限公司, 1964
掌阅科技股份有限公司, 1965
广州市嘉诚国际物流股份有限公司, 1966
山东惠发食品股份有限公司, 1967
宁波美诺华药业股份有限公司, 1968
贵人鸟股份有限公司, 1969
杭州海兴电力科技股份有限公司, 1970
起步股份有限公司, 1971
浙江健盛集团股份有限公司, 1972
中通国脉通信股份有限公司, 1973
普莱柯生物工程股份有限公司, 1974
黑龙江珍宝岛药业股份有限公司, 1975
浙江伟明环保股份有限公司, 1976
北京长久物流股份有限公司, 1977
青岛汇金通电力设备股份有限公司, 1978
浙江三星新材股份有限公司, 1979
上海荣泰健康科技股份有限公司, 1980
艾艾精密工业输送系统(上海)股份有限公司, 1981
江苏苏利精细化工股份有限公司, 1982
山东金麒麟股份有限公司, 1983
北京高能时代环境技术股份有限公司, 1984
安徽口子酒业股份有限公司, 1985
浙江东尼电子股份有限公司, 1986
引力传媒股份有限公司, 1987
安徽广信农化股份有限公司, 1988
永艺家具股份有限公司, 1989
重庆再升科技股份有限公司, 1990
杭州纵横通信股份有限公司, 1991
博天环境集团股份有限公司, 1992
珀莱雅化妆品股份有限公司, 1993
宁波东方电缆股份有限公司, 1994
浙江京华激光科技股份有限公司, 1995
广州天创时尚鞋业股份有限公司, 1996
辽宁禾丰牧业股份有限公司, 1997
诺力智能装备股份有限公司, 1998
索通发展股份有限公司, 1999
茶花现代家居用品股份有限公司, 2000
北京韩建河山管业股份有限公司, 2001
君禾泵业股份有限公司, 2002
杭州电缆股份有限公司, 2003
中曼石油天然气集团股份有限公司, 2004
昆山科森科技股份有限公司, 2005
清源科技(厦门)股份有限公司, 2006
拉芳家化股份有限公司, 2007
上海徕木电子股份有限公司, 2008
南威软件股份有限公司, 2009
镇海石化工程股份有限公司, 2010
烟台艾迪精密机械股份有限公司, 2011
海利尔药业集团股份有限公司, 2012
上海畅联国际物流股份有限公司, 2013
常州朗博密封科技股份有限公司, 2014
合肥泰禾光电科技股份有限公司, 2015
郑州安图生物工程股份有限公司, 2016
上海璞泰来新能源科技股份有限公司, 2017
苏州科达科技股份有限公司, 2018
浙江恒林椅业股份有限公司, 2019
三祥新材股份有限公司, 2020
浙江康隆达特种防护科技股份有限公司, 2021
浙江五洲新春集团股份有限公司, 2022
福建天马科技集团股份有限公司, 2023
灵康药业集团股份有限公司, 2024
西藏卫信康医药股份有限公司, 2025
奇精机械股份有限公司, 2026
福建火炬电子科技股份有限公司, 2027
四川华体照明科技股份有限公司, 2028
今创集团股份有限公司, 2029
上海晶华胶粘新材料股份有限公司, 2030
浙江晨丰科技股份有限公司, 2031
福建龙马环卫装备股份有限公司, 2032
江苏太平洋石英股份有限公司, 2033
安徽省天然气开发股份有限公司, 2034
上海至纯洁净系统科技股份有限公司, 2035
安记食品股份有限公司, 2036
航天长征化学工程股份有限公司, 2037
苏州纽威阀门股份有限公司, 2038
浙江德宏汽车电子电器股份有限公司, 2039
浙江盛洋科技股份有限公司, 2040
南京健友生化制药股份有限公司, 2041
家家悦集团股份有限公司, 2042
中源家居股份有限公司, 2043
香飘飘食品股份有限公司, 2044
天津七一二通信广播股份有限公司, 2045
武汉塞力斯医疗科技股份有限公司, 2046
天域生态环境股份有限公司, 2047
上海海利生物技术股份有限公司, 2048
中广天择传媒股份有限公司, 2049
无锡阿科力科技股份有限公司, 2050
广东天安新材料股份有限公司, 2051
浙江朗迪集团股份有限公司, 2052
博迈科海洋工程股份有限公司, 2053
上海鸣志电器股份有限公司, 2054
上海龙韵广告传播股份有限公司, 2055
上海岱美汽车内饰件股份有限公司, 2056
三棵树涂料股份有限公司, 2057
湖北泰晶电子科技股份有限公司, 2058
浙江大元泵业股份有限公司, 2059
重庆秦安机电股份有限公司, 2060
隆鑫通用动力股份有限公司, 2061
浙江中马传动股份有限公司, 2062
合肥常青机械股份有限公司, 2063
永安行科技股份有限公司, 2064
上海来伊份股份有限公司, 2065
北京乾景园林股份有限公司, 2066
威龙葡萄酒股份有限公司, 2067
江苏新日电动车股份有限公司, 2068
宁波高发汽车控制系统股份有限公司, 2069
星光农机股份有限公司, 2070
广东联泰环保股份有限公司, 2071
青岛康普顿科技股份有限公司, 2072
浙江华友钴业股份有限公司, 2073
苏州道森钻采设备股份有限公司, 2074
志邦厨柜股份有限公司, 2075
瑞斯康达科技发展股份有限公司, 2076
杭州福斯特应用材料股份有限公司, 2077
深圳歌力思服饰股份有限公司, 2078
成都豪能科技股份有限公司, 2079
浙江诚意药业股份有限公司, 2080
广东原尚物流股份有限公司, 2081
顾家家居股份有限公司, 2082
福建海峡环保集团股份有限公司, 2083
曲美家居集团股份有限公司, 2084
常州神力电机股份有限公司, 2085
浙江嘉澳环保科技股份有限公司, 2086
百合花集团股份有限公司, 2087
华扬联众数字技术股份有限公司, 2088
福建坤彩材料科技股份有限公司, 2089
苏州柯利达装饰股份有限公司, 2090
江苏洛凯机电股份有限公司, 2091
欧派家居集团股份有限公司, 2092
广东四通集团股份有限公司, 2093
安正时尚集团股份有限公司, 2094
正平路桥建设股份有限公司, 2095
广东好太太科技集团股份有限公司, 2096
华荣科技股份有限公司, 2097
山东东宏管业股份有限公司, 2098
山东步长制药股份有限公司, 2099
能科节能技术股份有限公司, 2100
中公高科养护科技股份有限公司, 2101
广州白云电器设备股份有限公司, 2102
桃李面包股份有限公司, 2103
上海飞科电器股份有限公司, 2104
北部湾旅游股份有限公司, 2105
嘉友国际物流股份有限公司, 2106
宁波太平鸟时尚服饰股份有限公司, 2107
江苏武进不锈股份有限公司, 2108
永悦科技股份有限公司, 2109
江苏南方卫材医药股份有限公司, 2110
上海数据港股份有限公司, 2111
广州金域医学检验集团股份有限公司, 2112
老百姓大药房连锁股份有限公司, 2113
上海吉祥航空股份有限公司, 2114
上海元祖梦果子股份有限公司, 2115
上海城地建设股份有限公司, 2116
新华网股份有限公司, 2117
浙江新澳纺织股份有限公司, 2118
苏州春秋电子科技股份有限公司, 2119
上海天永智能装备股份有限公司, 2120
浙江寿仙谷医药股份有限公司, 2121
广州好莱客创意家居股份有限公司, 2122
上海晨光文具股份有限公司, 2123
莱绅通灵珠宝股份有限公司, 2124
杭州永创智能设备股份有限公司, 2125
中持水务股份有限公司, 2126
江苏龙蟠科技股份有限公司, 2127
牧高笛户外用品股份有限公司, 2128
合诚工程咨询集团股份有限公司, 2129
南京佳力图机房环境技术股份有限公司, 2130
江苏苏博特新材料股份有限公司, 2131
宁波合力模具科技股份有限公司, 2132
上海金桥信息股份有限公司, 2133
金徽酒股份有限公司, 2134
广东世运电路科技股份有限公司, 2135
苏州金鸿顺汽车部件股份有限公司, 2136
浙江铁流离合器股份有限公司, 2137
苏州兴业材料科技股份有限公司, 2138
亚翔系统集成科技(苏州)股份有限公司, 2139
福建睿能科技股份有限公司, 2140
博敏电子股份有限公司, 2141
江苏丽岛新材料股份有限公司, 2142
唐山三孚硅业股份有限公司, 2143
益丰大药房连锁股份有限公司, 2144
大千生态环境集团股份有限公司, 2145
哈森商贸(中国)股份有限公司, 2146
湖南百利工程科技股份有限公司, 2147
上海克来机电自动化工程股份有限公司, 2148
大理药业股份有限公司, 2149
法兰泰克重工股份有限公司, 2150
南通醋酸化工股份有限公司, 2151
天津银龙预应力材料股份有限公司, 2152
中农立华生物科技股份有限公司, 2153
重庆正川医药包装材料股份有限公司, 2154
江西国泰民爆集团股份有限公司, 2155
深圳市新星轻合金材料股份有限公司, 2156
金诚信矿业管理股份有限公司, 2157
浙江吉华集团股份有限公司, 2158
江阴市恒润重工股份有限公司, 2159
北京兆易创新科技股份有限公司, 2160
上海康德莱企业发展集团股份有限公司, 2161
中电电机股份有限公司, 2162
湖南艾华集团股份有限公司, 2163
苏州麦迪斯顿医疗科技股份有限公司, 2164
上海至正道化高分子材料股份有限公司, 2165
洛阳栾川钼业集团股份有限公司, 2166
中新科技集团股份有限公司, 2167
宁波继峰汽车零部件股份有限公司, 2168
湖南方盛制药股份有限公司, 2169
读者出版传媒股份有限公司, 2170
上海锦江国际旅游股份有限公司, 2171
上海汇丽建材股份有限公司, 2172
内蒙古伊泰煤炭股份有限公司, 2173
大化集团大连化工股份有限公司, 2174
恒天凯马股份有限公司, 2175
黄石东贝电器股份有限公司, 2176
上海凌云实业发展股份有限公司, 2177
深圳市易尚展示股份有限公司, 2178
深圳汇洁集团股份有限公司, 2179
广发证券股份有限公司, 2180
凯莱英医药集团(天津)股份有限公司, 2181
鸿达兴业股份有限公司, 2182
苏州固锝电子股份有限公司, 2183
山东弘宇农机股份有限公司, 2184
北京利尔高温材料股份有限公司, 2185
苏州安洁科技股份有限公司, 2186
大庆华科股份有限公司, 2187
吉林敖东药业集团股份有限公司, 2188
骅威文化股份有限公司, 2189
旺能环境股份有限公司, 2190
陕西省国际信托股份有限公司, 2191
昆明龙津药业股份有限公司, 2192
广州岭南集团控股股份有限公司, 2193
广州集泰化工股份有限公司, 2194
三变科技股份有限公司, 2195
大连三垒机器股份有限公司, 2196
深圳市康达尔(集团)股份有限公司, 2197
厦门紫光学大股份有限公司, 2198
华东医药股份有限公司, 2199
福建新大陆电脑股份有限公司, 2200
融捷股份有限公司, 2201
西部金属材料股份有限公司, 2202
广东嘉应制药股份有限公司, 2203
深圳市同为数码科技股份有限公司, 2204
润建通信股份有限公司, 2205
广博集团股份有限公司, 2206
浙江闰土股份有限公司, 2207
海马汽车集团股份有限公司, 2208
贵州久联民爆器材发展股份有限公司, 2209
合力泰科技股份有限公司, 2210
深圳市金溢科技股份有限公司, 2211
高斯贝尔数码科技股份有限公司, 2212
浙江美大实业股份有限公司, 2213
内蒙古霍林河露天煤业股份有限公司, 2214
江门甘蔗化工厂(集团)股份有限公司, 2215
江苏润邦重工股份有限公司, 2216
中国全聚德(集团)股份有限公司, 2217
山东豪迈机械科技股份有限公司, 2218
北京盛通印刷股份有限公司, 2219
浙江华媒控股股份有限公司, 2220
贵州轮胎股份有限公司, 2221
新疆国统管道股份有限公司, 2222
成都市路桥工程股份有限公司, 2223
珠海恒基达鑫国际化工仓储股份有限公司, 2224
韵达控股股份有限公司, 2225
江苏雷科防务科技股份有限公司, 2226
中水集团远洋股份有限公司, 2227
武汉凡谷电子技术股份有限公司, 2228
厦门港务发展股份有限公司, 2229
比音勒芬服饰股份有限公司, 2230
天水众兴菌业科技股份有限公司, 2231
四川雅化实业集团股份有限公司, 2232
深圳市奇信建设集团股份有限公司, 2233
广东海大集团股份有限公司, 2234
大连友谊(集团)股份有限公司, 2235
蒙娜丽莎集团股份有限公司, 2236
兴民智通(集团)股份有限公司, 2237
秦川机床工具集团股份公司, 2238
黄山永新股份有限公司, 2239
奥佳华智能健康科技集团股份有限公司, 2240
北方华创科技集团股份有限公司, 2241
海南海德实业股份有限公司, 2242
苏州海陆重工股份有限公司, 2243
福建榕基软件股份有限公司, 2244
新大洲控股股份有限公司, 2245
新疆北新路桥集团股份有限公司, 2246
北京科锐配电自动化股份有限公司, 2247
福建省永安林业(集团)股份有限公司, 2248
兄弟科技股份有限公司, 2249
北京东方园林环境股份有限公司, 2250
深圳市雄韬电源科技股份有限公司, 2251
美好置业集团股份有限公司, 2252
深圳华强实业股份有限公司, 2253
广宇集团股份有限公司, 2254
启迪桑德环境资源股份有限公司, 2255
安徽安凯汽车股份有限公司, 2256
河钢股份有限公司, 2257
福建省闽发铝业股份有限公司, 2258
赞宇科技集团股份有限公司, 2259
上海汉钟精机股份有限公司, 2260
中航工业机电系统股份有限公司, 2261
陕西炼石有色资源股份有限公司, 2262
四川升达林业产业股份有限公司, 2263
河北建投能源投资股份有限公司, 2264
南方汇通股份有限公司, 2265
江苏神通阀门股份有限公司, 2266
深圳市凯中精密技术股份有限公司, 2267
西陇科学股份有限公司, 2268
大博医疗科技股份有限公司, 2269
宁波东力股份有限公司, 2270
招商局公路网络科技控股股份有限公司, 2271
浙江三花智能控制股份有限公司, 2272
泸州老窖股份有限公司, 2273
宁波圣莱达电器股份有限公司, 2274
内蒙古平庄能源股份有限公司, 2275
第一创业证券股份有限公司, 2276
北讯集团股份有限公司, 2277
天音通信控股股份有限公司, 2278
陕西烽火电子股份有限公司, 2279
郴州市金贵银业股份有限公司, 2280
深圳市奋达科技股份有限公司, 2281
北京凯文德信教育科技股份有限公司, 2282
江苏长青农化股份有限公司, 2283
华映科技(集团)股份有限公司, 2284
浙江华通医药股份有限公司, 2285
浙江仙琚制药股份有限公司, 2286
亿帆医药股份有限公司, 2287
冀中能源股份有限公司, 2288
丽江玉龙旅游股份有限公司, 2289
沈阳化工股份有限公司, 2290
湖北福星科技股份有限公司, 2291
积成电子股份有限公司, 2292
江苏大港股份有限公司, 2293
西王食品股份有限公司, 2294
浙江苏泊尔股份有限公司, 2295
万达电影股份有限公司, 2296
安徽黄山胶囊股份有限公司, 2297
中国天楹股份有限公司, 2298
名臣健康用品股份有限公司, 2299
天津九安医疗电子股份有限公司, 2300
露笑科技股份有限公司, 2301
北京元隆雅图文化传播股份有限公司, 2302
内蒙古天首科技发展股份有限公司, 2303
TCL集团股份有限公司, 2304
浙江双箭橡胶股份有限公司, 2305
山东益生种畜禽股份有限公司, 2306
青岛东方铁塔股份有限公司, 2307
中原环保股份有限公司, 2308
广东德美精细化工集团股份有限公司, 2309
江西正邦科技股份有限公司, 2310
龙星化工股份有限公司, 2311
中山大学达安基因股份有限公司, 2312
浙江英特集团股份有限公司, 2313
安徽华茂纺织股份有限公司, 2314
深圳市英威腾电气股份有限公司, 2315
上海顺灏新材料科技股份有限公司, 2316
甘肃电投能源发展股份有限公司, 2317
厦门盈趣科技股份有限公司, 2318
杭州先锋电子技术股份有限公司, 2319
北京荣之联科技股份有限公司, 2320
江苏江阴农村商业银行股份有限公司, 2321
金正大生态工程集团股份有限公司, 2322
广西河池化工股份有限公司, 2323
广东雪莱特光电科技股份有限公司, 2324
常州光洋轴承股份有限公司, 2325
威海广泰空港设备股份有限公司, 2326
长航凤凰股份有限公司, 2327
北京北斗星通导航技术股份有限公司, 2328
深圳市沃尔核材股份有限公司, 2329
珠海港股份有限公司, 2330
芜湖顺荣三七互娱网络科技股份有限公司, 2331
浙江海亮股份有限公司, 2332
北京双鹭药业股份有限公司, 2333
华意压缩机股份有限公司, 2334
深圳市证通电子股份有限公司, 2335
永和流体智控股份有限公司, 2336
大亚圣象家居股份有限公司, 2337
湖北新洋丰肥业股份有限公司, 2338
北京中长石基信息技术股份有限公司, 2339
江西煌上煌集团食品股份有限公司, 2340
深圳市兴森快捷电路科技股份有限公司, 2341
康力电梯股份有限公司, 2342
贵州航天电器股份有限公司, 2343
深圳市京泉华科技股份有限公司, 2344
四川浩物机电股份有限公司, 2345
中通客车控股股份有限公司, 2346
怀集登云汽配股份有限公司, 2347
江苏华宏科技股份有限公司, 2348
湖南正虹科技发展股份有限公司, 2349
深圳市远望谷信息技术股份有限公司, 2350
新疆国际实业股份有限公司, 2351
海欣食品股份有限公司, 2352
南宁糖业股份有限公司, 2353
广东广弘控股股份有限公司, 2354
上海纳尔数码喷印材料股份有限公司, 2355
众泰汽车股份有限公司, 2356
昆明云内动力股份有限公司, 2357
盈方微电子股份有限公司, 2358
中山公用事业集团股份有限公司, 2359
多氟多化工股份有限公司, 2360
安徽安纳达钛业股份有限公司, 2361
东莞捷荣技术股份有限公司, 2362
广西贵糖(集团)股份有限公司, 2363
浙江东音泵业股份有限公司, 2364
内蒙古兴业矿业股份有限公司, 2365
岭南生态文旅股份有限公司, 2366
烟台中宠食品股份有限公司, 2367
蓝帆医疗股份有限公司, 2368
广东翔鹭钨业股份有限公司, 2369
艾格拉斯股份有限公司, 2370
浙江中欣氟材股份有限公司, 2371
山东恒邦冶炼股份有限公司, 2372
深圳市美芝装饰设计工程股份有限公司, 2373
宁波中大力德智能传动股份有限公司, 2374
福建龙洲运输股份有限公司, 2375
湖北宜化化工股份有限公司, 2376
安徽辉隆农资集团股份有限公司, 2377
多喜爱集团股份有限公司, 2378
广东光华科技股份有限公司, 2379
成都市新筑路桥机械股份有限公司, 2380
广东德豪润达电气股份有限公司, 2381
英洛华科技股份有限公司, 2382
金字火腿股份有限公司, 2383
洛阳北方玻璃技术股份有限公司, 2384
实丰文化发展股份有限公司, 2385
安徽省司尔特肥业股份有限公司, 2386
广东香山衡器集团股份有限公司, 2387
浙江亿利达风机股份有限公司, 2388
特一药业集团股份有限公司, 2389
山东东方海洋科技股份有限公司, 2390
厦门科华恒盛股份有限公司, 2391
浙江帝龙文化发展股份有限公司, 2392
福建七匹狼实业股份有限公司, 2393
建新矿业股份有限责任公司, 2394
罗牛山股份有限公司, 2395
海航凯撒旅游集团股份有限公司, 2396
南极电商股份有限公司, 2397
云南南天电子信息产业股份有限公司, 2398
传化智联股份有限公司, 2399
金鸿控股集团股份有限公司, 2400
云南西仪工业股份有限公司, 2401
北京雪迪龙科技股份有限公司, 2402
深圳市飞马国际供应链股份有限公司, 2403
辽宁大金重工股份有限公司, 2404
南京科远自动化集团股份有限公司, 2405
中国石化山东泰山石油股份有限公司, 2406
斯太尔动力股份有限公司, 2407
荣安地产股份有限公司, 2408
江苏银河电子股份有限公司, 2409
浙江新和成股份有限公司, 2410
创维数字股份有限公司, 2411
四川富临运业集团股份有限公司, 2412
上海普利特复合材料股份有限公司, 2413
苏州华源控股股份有限公司, 2414
江苏常铝铝业股份有限公司, 2415
深圳市捷顺科技实业股份有限公司, 2416
山东未名生物医药股份有限公司, 2417
通鼎互联信息股份有限公司, 2418
中国宝安集团股份有限公司, 2419
山东如意毛纺服装集团股份有限公司, 2420
甘肃皇台酒业股份有限公司, 2421
厦门吉宏包装科技股份有限公司, 2422
江苏澳洋科技股份有限公司, 2423
江苏四环生物股份有限公司, 2424
深圳市天威视讯股份有限公司, 2425
洽洽食品股份有限公司, 2426
中国重汽集团济南卡车股份有限公司, 2427
东莞发展控股股份有限公司, 2428
完美世界股份有限公司, 2429
深圳市同洲电子股份有限公司, 2430
杭州星帅尔电器股份有限公司, 2431
长缆电工科技股份有限公司, 2432
南宁八菱科技股份有限公司, 2433
思源电气股份有限公司, 2434
台海玛努尔核电设备股份有限公司, 2435
鹭燕医药股份有限公司, 2436
广州市广百股份有限公司, 2437
武汉光迅科技股份有限公司, 2438
奥士康科技股份有限公司, 2439
湖北省广播电视信息网络股份有限公司, 2440
中天金融集团股份有限公司, 2441
湖南博云新材料股份有限公司, 2442
江西特种电机股份有限公司, 2443
甘肃靖远煤电股份有限公司, 2444
深圳王子新材料股份有限公司, 2445
浙江银轮机械股份有限公司, 2446
银亿房地产股份有限公司, 2447
东华工程科技股份有限公司, 2448
精华制药集团股份有限公司, 2449
武汉三特索道集团股份有限公司, 2450
茂硕电源科技股份有限公司, 2451
孚日集团股份有限公司, 2452
东港股份有限公司, 2453
北京华联商厦股份有限公司, 2454
浙江水晶光电科技股份有限公司, 2455
山东丰元化学股份有限公司, 2456
分众传媒信息技术股份有限公司, 2457
宜华健康医疗股份有限公司, 2458
泰尔重工股份有限公司, 2459
广东皮阿诺科学艺术家居股份有限公司, 2460
惠州市华阳集团股份有限公司, 2461
启明信息技术股份有限公司, 2462
南京红太阳股份有限公司, 2463
海南高速公路股份有限公司, 2464
海宁中国皮革城股份有限公司, 2465
上海柘中集团股份有限公司, 2466
紫光国芯股份有限公司, 2467
北部湾港股份有限公司, 2468
广东万家乐股份有限公司, 2469
西藏易明西雅医药科技股份有限公司, 2470
泰禾集团股份有限公司, 2471
海信科龙电器股份有限公司, 2472
浙江卫星石化股份有限公司, 2473
江西赣锋锂业股份有限公司, 2474
安徽江南化工股份有限公司, 2475
深圳市东方嘉盛供应链股份有限公司, 2476
广东奥马电器股份有限公司, 2477
深圳市三利谱光电科技股份有限公司, 2478
美盈森集团股份有限公司, 2479
中远海运科技股份有限公司, 2480
格林美股份有限公司, 2481
中钨高新材料股份有限公司, 2482
天津天保基建股份有限公司, 2483
中原特钢股份有限公司, 2484
众业达电气股份有限公司, 2485
广州恒运企业集团股份有限公司, 2486
永兴特种不锈钢股份有限公司, 2487
陕西盘龙药业集团股份有限公司, 2488
新希望六和股份有限公司, 2489
东北电气发展股份有限公司, 2490
天顺风能(苏州)股份有限公司, 2491
大唐高鸿数据网络技术股份有限公司, 2492
深圳市索菱实业股份有限公司, 2493
中航三鑫股份有限公司, 2494
山东省章丘鼓风机股份有限公司, 2495
加加食品集团股份有限公司, 2496
海联金汇科技股份有限公司, 2497
天虹商场股份有限公司, 2498
西藏高争民爆股份有限公司, 2499
深圳市路畅科技股份有限公司, 2500
华斯控股股份有限公司, 2501
山西同德化工股份有限公司, 2502
宁波银行股份有限公司, 2503
远光软件股份有限公司, 2504
国轩高科股份有限公司, 2505
旷达科技集团股份有限公司, 2506
山东沃华医药科技股份有限公司, 2507
河南恒星科技股份有限公司, 2508
长春奥普光电技术股份有限公司, 2509
大族激光科技产业集团股份有限公司, 2510
浙江众成包装材料股份有限公司, 2511
北京清新环境技术股份有限公司, 2512
希努尔男装股份有限公司, 2513
浙江金固股份有限公司, 2514
杭州老板电器股份有限公司, 2515
厦门市建筑科学研究院集团股份有限公司, 2516
华天酒店集团股份有限公司, 2517
惠州中京电子科技股份有限公司, 2518
湖南黄金股份有限公司, 2519
天茂实业集团股份有限公司, 2520
广东广州日报传媒股份有限公司, 2521
华润三九医药股份有限公司, 2522
长江润发医药股份有限公司, 2523
山东宏创铝业控股股份有限公司, 2524
云南铜业股份有限公司, 2525
华联控股股份有限公司, 2526
博深工具股份有限公司, 2527
国光电器股份有限公司, 2528
山西永东化工股份有限公司, 2529
成都云图控股股份有限公司, 2530
中顺洁柔纸业股份有限公司, 2531
供销大集集团股份有限公司, 2532
深圳赫美集团股份有限公司, 2533
四川汇源光通信股份有限公司, 2534
好利来(中国)电子科技股份有限公司, 2535
安徽中电兴发与鑫龙科技股份有限公司, 2536
雏鹰农牧集团股份有限公司, 2537
江苏华昌化工股份有限公司, 2538
南京埃斯顿自动化股份有限公司, 2539
五矿稀土股份有限公司, 2540
湖南科力尔电机股份有限公司, 2541
天津鑫茂科技股份有限公司, 2542
海南海药股份有限公司, 2543
大连华锐重工集团股份有限公司, 2544
江苏双星彩塑新材料股份有限公司, 2545
牧原食品股份有限公司, 2546
国家电投集团东方新能源股份有限公司, 2547
三力士股份有限公司, 2548
广东天际电器股份有限公司, 2549
云南云投生态环境科技股份有限公司, 2550
中交地产股份有限公司, 2551
上海摩恩电气股份有限公司, 2552
永高股份有限公司, 2553
远大产业控股股份有限公司, 2554
一汽轿车股份有限公司, 2555
浙江万丰奥威汽轮股份有限公司, 2556
袁隆平农业高科技股份有限公司, 2557
广东省广告集团股份有限公司, 2558
中节能万润股份有限公司, 2559
天津一汽夏利汽车股份有限公司, 2560
凯瑞德控股股份有限公司, 2561
广州珠江钢琴集团股份有限公司, 2562
广东塔牌集团股份有限公司, 2563
瑞泰科技股份有限公司, 2564
杭州中恒电气股份有限公司, 2565
德奥通用航空股份有限公司, 2566
苏州罗普斯金铝业股份有限公司, 2567
天夏智慧城市科技股份有限公司, 2568
海南钧达汽车饰件股份有限公司, 2569
广西柳工机械股份有限公司, 2570
广东超华科技股份有限公司, 2571
广州御银科技股份有限公司, 2572
重庆华森制药股份有限公司, 2573
苏州中科创新型材料股份有限公司, 2574
山东宝莫生物化工股份有限公司, 2575
宜宾五粮液股份有限公司, 2576
招商局蛇口工业区控股股份有限公司, 2577
山东仙坛股份有限公司, 2578
深圳瑞和建筑装饰股份有限公司, 2579
浙江今飞凯达轮毂股份有限公司, 2580
广东新会美达锦纶股份有限公司, 2581
浙江世宝股份有限公司, 2582
浙江网盛生意宝股份有限公司, 2583
福建圣农发展股份有限公司, 2584
广东潮宏基实业股份有限公司, 2585
江西赣能股份有限公司, 2586
荣盛房地产发展股份有限公司, 2587
冰轮环境技术股份有限公司, 2588
申万宏源集团股份有限公司, 2589
山东新北洋信息技术股份有限公司, 2590
上海科华生物工程股份有限公司, 2591
浙江森马服饰股份有限公司, 2592
天津赛象科技股份有限公司, 2593
深圳世联行地产顾问股份有限公司, 2594
北京弘高创意建筑设计股份有限公司, 2595
合肥城建发展股份有限公司, 2596
烟台杰瑞石油服务集团股份有限公司, 2597
安徽中鼎密封件股份有限公司, 2598
山东鲁阳节能材料股份有限公司, 2599
河南通达电缆股份有限公司, 2600
浙江仁智股份有限公司, 2601
中核苏阀科技实业股份有限公司, 2602
江西恒大高新技术股份有限公司, 2603
苏宁易购集团股份有限公司, 2604
奥维通信股份有限公司, 2605
安徽华信国际控股股份有限公司, 2606
成都富森美家居股份有限公司, 2607
四川川润股份有限公司, 2608
深圳和而泰智能控制股份有限公司, 2609
深圳市通产丽星股份有限公司, 2610
湖南华菱钢铁股份有限公司, 2611
湖南景峰医药股份有限公司, 2612
浙江尤夫高新纤维股份有限公司, 2613
山东金岭矿业股份有限公司, 2614
天广中茂股份有限公司, 2615
博彦科技股份有限公司, 2616
保龄宝生物股份有限公司, 2617
湖南电广传媒股份有限公司, 2618
华油惠博普科技股份有限公司, 2619
浙江众合科技股份有限公司, 2620
广东顺威精密塑料股份有限公司, 2621
福建金森林业股份有限公司, 2622
欧浦智网股份有限公司, 2623
红宝丽集团股份有限公司, 2624
南风化工集团股份有限公司, 2625
厦门瑞尔特卫浴科技股份有限公司, 2626
杭州海康威视数字技术股份有限公司, 2627
浪潮电子信息产业股份有限公司, 2628
安徽省凤形耐磨材料股份有限公司, 2629
冠福控股股份有限公司, 2630
深圳丹邦科技股份有限公司, 2631
中百控股集团股份有限公司, 2632
湖北凯龙化工集团股份有限公司, 2633
兴业皮革科技股份有限公司, 2634
协鑫集成科技股份有限公司, 2635
哈尔滨博实自动化股份有限公司, 2636
杭州杭氧股份有限公司, 2637
华孚时尚股份有限公司, 2638
数源科技股份有限公司, 2639
新乡化纤股份有限公司, 2640
海南亚太实业发展股份有限公司, 2641
江苏宏达新材料股份有限公司, 2642
深圳市爱施德股份有限公司, 2643
江西黑猫炭黑股份有限公司, 2644
中冶美利云产业投资股份有限公司, 2645
现代投资股份有限公司, 2646
中核华原钛白股份有限公司, 2647
西藏银河科技发展股份有限公司, 2648
周大生珠宝股份有限公司, 2649
北京合众思壮科技股份有限公司, 2650
海航投资集团股份有限公司, 2651
广东群兴玩具股份有限公司, 2652
成都华泽钴镍材料股份有限公司, 2653
航天工业发展股份有限公司, 2654
巨轮智能装备股份有限公司, 2655
厦门信达股份有限公司, 2656
民盛金科控股股份有限公司, 2657
湖北双环科技股份有限公司, 2658
华西能源工业股份有限公司, 2659
通化金马药业集团股份有限公司, 2660
青岛伟隆阀门股份有限公司, 2661
宁夏英力特化工股份有限公司, 2662
三维通信股份有限公司, 2663
吉林紫鑫药业股份有限公司, 2664
思美传媒股份有限公司, 2665
财信国兴地产发展股份有限公司, 2666
北方华锦化学工业股份有限公司, 2667
金圆水泥股份有限公司, 2668
中兵红箭股份有限公司, 2669
创元科技股份有限公司, 2670
北京金一文化发展股份有限公司, 2671
大连天神娱乐股份有限公司, 2672
广东猛狮新能源科技股份有限公司, 2673
金财互联控股股份有限公司, 2674
甘肃上峰水泥股份有限公司, 2675
杭州滨江房产集团股份有限公司, 2676
广东长青(集团)股份有限公司, 2677
万方城镇投资发展股份有限公司, 2678
峨眉山旅游股份有限公司, 2679
安徽金禾实业股份有限公司, 2680
广联达科技股份有限公司, 2681
美年大健康产业控股股份有限公司, 2682
浙江景兴纸业股份有限公司, 2683
珠海市乐通化工股份有限公司, 2684
江苏洋河酒厂股份有限公司, 2685
华邦生命健康股份有限公司, 2686
振兴生化股份有限公司, 2687
上海美特斯邦威服饰股份有限公司, 2688
江苏百川高科新材料股份有限公司, 2689
成都利君实业股份有限公司, 2690
浙江永强集团股份有限公司, 2691
深圳齐心集团股份有限公司, 2692
神雾节能股份有限公司, 2693
上海莱士血液制品股份有限公司, 2694
四川双马水泥股份有限公司, 2695
苏州扬子江新型材料股份有限公司, 2696
大冶特殊钢股份有限公司, 2697
湖南长高高压开关集团股份公司, 2698
浙江凯恩特种材料股份有限公司, 2699
山西美锦能源股份有限公司, 2700
安徽富煌钢构股份有限公司, 2701
比亚迪股份有限公司, 2702
徐工集团工程机械股份有限公司, 2703
广州东凌国际投资股份有限公司, 2704
深圳市全新好股份有限公司, 2705
诚志股份有限公司, 2706
四川泸天化股份有限公司, 2707
万向钱潮股份有限公司, 2708
中广核核技术发展股份有限公司, 2709
深圳市桑达实业股份有限公司, 2710
浙江交通科技股份有限公司, 2711
中矿资源勘探股份有限公司, 2712
北新集团建材股份有限公司, 2713
深圳市特发信息股份有限公司, 2714
藏格控股股份有限公司, 2715
安徽国风塑业股份有限公司, 2716
广东万和新电气股份有限公司, 2717
当代东方投资股份有限公司, 2718
星期六股份有限公司, 2719
浙江中坚科技股份有限公司, 2720
杭州联络互动信息科技股份有限公司, 2721
海虹企业(控股)股份有限公司, 2722
河南双汇投资发展股份有限公司, 2723
杭州微光电子股份有限公司, 2724
浙江盾安人工环境股份有限公司, 2725
山西证券股份有限公司, 2726
苏州宝馨科技实业股份有限公司, 2727
广东韶能集团股份有限公司, 2728
浙富控股集团股份有限公司, 2729
浙江海翔药业股份有限公司, 2730
深圳市麦达数字股份有限公司, 2731
酒鬼酒股份有限公司, 2732
安徽省皖能股份有限公司, 2733
深圳诺普信农化股份有限公司, 2734
深圳市新南山控股(集团)股份有限公司, 2735
北京三夫户外用品股份有限公司, 2736
深圳市富安娜家居用品股份有限公司, 2737
福建漳州发展股份有限公司, 2738
海洋王照明科技股份有限公司, 2739
潜江永安药业股份有限公司, 2740
启迪古汉集团股份有限公司, 2741
广东通宇通讯股份有限公司, 2742
天圣制药集团股份有限公司, 2743
天润曲轴股份有限公司, 2744
报喜鸟控股股份有限公司, 2745
宜宾天原集团股份有限公司, 2746
三全食品股份有限公司, 2747
昇兴集团股份有限公司, 2748
福建福晶科技股份有限公司, 2749
云南鸿翔一心堂药业(集团)股份有限公司, 2750
中国海诚工程科技股份有限公司, 2751
山东新能泰山发电股份有限公司, 2752
上海嘉麟杰纺织品股份有限公司, 2753
山东威达机械股份有限公司, 2754
上海姚记扑克股份有限公司, 2755
深圳市宇顺电子股份有限公司, 2756
浙江哈尔斯真空器皿股份有限公司, 2757
宝塔实业股份有限公司, 2758
江南模塑科技股份有限公司, 2759
北京首钢股份有限公司, 2760
广东锦龙发展股份有限公司, 2761
深圳市广聚能源股份有限公司, 2762
深圳奥特迅电力设备股份有限公司, 2763
跨境通宝电子商务股份有限公司, 2764
广州天赐高新材料股份有限公司, 2765
恒天海龙股份有限公司, 2766
湖北京山轻工机械股份有限公司, 2767
山东矿机集团股份有限公司, 2768
长鹰信质科技股份有限公司, 2769
广东东方精工科技股份有限公司, 2770
广州达意隆包装机械股份有限公司, 2771
国脉科技股份有限公司, 2772
中航光电科技股份有限公司, 2773
江苏辉丰生物农业股份有限公司, 2774
江苏澳洋顺昌股份有限公司, 2775
广东海印集团股份有限公司, 2776
神州数码集团股份有限公司, 2777
科林环保装备股份有限公司, 2778
太极计算机股份有限公司, 2779
浙江永太科技股份有限公司, 2780
青岛双星股份有限公司, 2781
浙江富春江环保热电股份有限公司, 2782
湖南汉森制药股份有限公司, 2783
安泰科技股份有限公司, 2784
青岛金王应用化学股份有限公司, 2785
九芝堂股份有限公司, 2786
游族网络股份有限公司, 2787
洛阳轴研科技股份有限公司, 2788
成都卫士通信息产业股份有限公司, 2789
深圳市中装建设集团股份有限公司, 2790
江苏雅克科技股份有限公司, 2791
鞍钢股份有限公司, 2792
深圳市爱迪尔珠宝股份有限公司, 2793
恒逸石化股份有限公司, 2794
绿康生化股份有限公司, 2795
广州杰赛科技股份有限公司, 2796
浙江万里扬股份有限公司, 2797
武汉中商集团股份有限公司, 2798
横店集团东磁股份有限公司, 2799
深圳世纪星源股份有限公司, 2800
福建南平太阳电缆股份有限公司, 2801
宁夏青龙管业股份有限公司, 2802
南兴装备股份有限公司, 2803
新兴铸管股份有限公司, 2804
沧州明珠塑料股份有限公司, 2805
南京港股份有限公司, 2806
浙商中拓集团股份有限公司, 2807
新界泵业集团股份有限公司, 2808
天津汽车模具股份有限公司, 2809
鞍山重型矿山机器股份有限公司, 2810
宇环数控机床股份有限公司, 2811
浙江大立科技股份有限公司, 2812
四川大通燃气开发股份有限公司, 2813
绿景控股股份有限公司, 2814
贵州百灵企业集团制药股份有限公司, 2815
厦门日上集团股份有限公司, 2816
麦趣尔集团股份有限公司, 2817
立讯精密工业股份有限公司, 2818
深圳莱宝高科技股份有限公司, 2819
巨力索具股份有限公司, 2820
苏州东山精密制造股份有限公司, 2821
深圳同兴达科技股份有限公司, 2822
厦门合兴包装印刷股份有限公司, 2823
江苏中超控股股份有限公司, 2824
美的集团股份有限公司, 2825
武汉高德红外股份有限公司, 2826
哈尔滨誉衡药业股份有限公司, 2827
深圳市天健(集团)股份有限公司, 2828
北京大北农科技集团股份有限公司, 2829
大连晨鑫网络科技股份有限公司, 2830
二六三网络通信股份有限公司, 2831
江苏吴江中国东方丝绸市场股份有限公司, 2832
中山大洋电机股份有限公司, 2833
广州惠威电声科技股份有限公司, 2834
软控股份有限公司, 2835
东莞铭普光磁股份有限公司, 2836
国海证券股份有限公司, 2837
浙江日发精密机械股份有限公司, 2838
科大讯飞股份有限公司, 2839
木林森股份有限公司, 2840
浙江步森服饰股份有限公司, 2841
浙江南洋科技股份有限公司, 2842
成都高新发展股份有限公司, 2843
睿康文远电缆股份有限公司, 2844
浙江东南网架股份有限公司, 2845
河南华英农业发展股份有限公司, 2846
广东柏堡龙股份有限公司, 2847
西安环球印务股份有限公司, 2848
上海延华智能科技(集团)股份有限公司, 2849
康得新复合材料集团股份有限公司, 2850
杭州巨星科技股份有限公司, 2851
深圳英飞拓科技股份有限公司, 2852
西安旅游股份有限公司, 2853
广东德联集团股份有限公司, 2854
沈阳惠天热电股份有限公司, 2855
唐山冀东水泥股份有限公司, 2856
深圳可立克科技股份有限公司, 2857
东江环保股份有限公司, 2858
江苏通达动力科技股份有限公司, 2859
山东高速路桥集团股份有限公司, 2860
重庆三圣实业股份有限公司, 2861
深圳市英维克科技股份有限公司, 2862
湖北能源集团股份有限公司, 2863
浙江华统肉制品股份有限公司, 2864
湖北国创高新材料股份有限公司, 2865
东旭蓝天新能源股份有限公司, 2866
长生生物科技股份有限公司, 2867
国电长源电力股份有限公司, 2868
浙江方正电机股份有限公司, 2869
中原内配集团股份有限公司, 2870
四川成飞集成科技股份有限公司, 2871
河北承德露露股份有限公司, 2872
宏润建设集团股份有限公司, 2873
广东领益智造股份有限公司, 2874
云南铝业股份有限公司, 2875
崇义章源钨业股份有限公司, 2876
索菲亚家居股份有限公司, 2877
普洛药业股份有限公司, 2878
茂名石化实华股份有限公司, 2879
沪士电子股份有限公司, 2880
成都红旗连锁股份有限公司, 2881
德华兔宝宝装饰新材股份有限公司, 2882
莱茵达体育发展股份有限公司, 2883
海南双成药业股份有限公司, 2884
中国有色金属建设股份有限公司, 2885
江苏哈工智能机器人股份有限公司, 2886
许继电气股份有限公司, 2887
深圳市崇达电路技术股份有限公司, 2888
深圳市新亚电子制程股份有限公司, 2889
道道全粮油股份有限公司, 2890
苏州天马精细化学品股份有限公司, 2891
华帝股份有限公司, 2892
中润资源投资股份有限公司, 2893
广东汕头超声电子股份有限公司, 2894
北京四维图新科技股份有限公司, 2895
江苏恩华药业股份有限公司, 2896
宁波理工环境能源科技股份有限公司, 2897
兰州庄园牧场股份有限公司, 2898
江苏国泰国际集团国贸股份有限公司, 2899
创新医疗管理股份有限公司, 2900
广东华铁通达高铁装备股份有限公司, 2901
常州亚玛顿股份有限公司, 2902
天津力生制药股份有限公司, 2903
常州千红生化制药股份有限公司, 2904
宁夏银星能源股份有限公司, 2905
东易日盛家居装饰集团股份有限公司, 2906
平安银行股份有限公司, 2907
鸿博股份有限公司, 2908
航天科技控股集团股份有限公司, 2909
深圳市中金岭南有色金属股份有限公司, 2910
珠海中富实业股份有限公司, 2911
广东风华高新科技股份有限公司, 2912
民生控股股份有限公司, 2913
联化科技股份有限公司, 2914
株洲天桥起重机股份有限公司, 2915
美格智能技术股份有限公司, 2916
贵州信邦制药股份有限公司, 2917
万科企业股份有限公司, 2918
汉王科技股份有限公司, 2919
沈阳机床股份有限公司, 2920
广州普邦园林股份有限公司, 2921
山东丽鹏股份有限公司, 2922
史丹利农业集团股份有限公司, 2923
江苏南方轴承股份有限公司, 2924
金发拉比妇婴童用品股份有限公司, 2925
山东道恩高分子材料股份有限公司, 2926
南方黑芝麻集团股份有限公司, 2927
合肥丰乐种业股份有限公司, 2928
秦皇岛天业通联重工股份有限公司, 2929
哈尔滨电气集团佳木斯电机股份有限公司, 2930
深圳长城开发科技股份有限公司, 2931
青岛国恩科技股份有限公司, 2932
海思科医药集团股份有限公司, 2933
广州海格通信集团股份有限公司, 2934
顾地科技股份有限公司, 2935
江苏九鼎新材料股份有限公司, 2936
丽珠医药集团股份有限公司, 2937
欣龙控股(集团)股份有限公司, 2938
中国石油集团资本股份有限公司, 2939
四川海特高新技术股份有限公司, 2940
四川北方硝化棉股份有限公司, 2941
凯迪生态环境科技股份有限公司, 2942
盐津铺子食品股份有限公司, 2943
河南同力水泥股份有限公司, 2944
广东威华股份有限公司, 2945
浙江大华技术股份有限公司, 2946
西藏奇正藏药股份有限公司, 2947
新疆天顺供应链股份有限公司, 2948
獐子岛集团股份有限公司, 2949
江苏法尔胜股份有限公司, 2950
盈峰环境科技集团股份有限公司, 2951
河南新野纺织股份有限公司, 2952
上海徐家汇商城股份有限公司, 2953
江苏传艺科技股份有限公司, 2954
北京星网宇达科技股份有限公司, 2955
黑牛食品股份有限公司, 2956
中化岩土集团股份有限公司, 2957
深圳市海王生物工程股份有限公司, 2958
浙江伟星新型建材股份有限公司, 2959
东华软件股份公司, 2960
浙江跃岭股份有限公司, 2961
佛山佛塑科技集团股份有限公司, 2962
浙江威星智能仪表股份有限公司, 2963
重庆蓝黛动力传动机械股份有限公司, 2964
广东坚朗五金制品股份有限公司, 2965
中航地产股份有限公司, 2966
山东龙力生物科技股份有限公司, 2967
北京久其软件股份有限公司, 2968
山西太钢不锈钢股份有限公司, 2969
梦网荣信科技集团股份有限公司, 2970
安徽德力日用玻璃股份有限公司, 2971
无锡洪汇新材料科技股份有限公司, 2972
中弘控股股份有限公司, 2973
利尔化学股份有限公司, 2974
神州数码信息服务股份有限公司, 2975
金浦钛业股份有限公司, 2976
湖北广济药业股份有限公司, 2977
南京云海特种金属股份有限公司, 2978
中兴-沈阳商业大厦(集团)股份有限公司, 2979
深圳信立泰药业股份有限公司, 2980
广州珠江啤酒股份有限公司, 2981
江苏国信股份有限公司, 2982
长沙通程控股股份有限公司, 2983
好想你健康食品股份有限公司, 2984
北京北纬通信科技股份有限公司, 2985
天津滨海能源发展股份有限公司, 2986
四川川大智胜软件股份有限公司, 2987
山东龙大肉食品股份有限公司, 2988
河南省西峡汽车水泵股份有限公司, 2989
山东三维石化工程股份有限公司, 2990
江苏必康制药股份有限公司, 2991
深圳华侨城股份有限公司, 2992
安徽丰原药业股份有限公司, 2993
广东宝丽华新能源股份有限公司, 2994
中成进出口股份有限公司, 2995
江西世龙实业股份有限公司, 2996
启明星辰信息技术集团股份有限公司, 2997
中粮地产(集团)股份有限公司, 2998
苏州胜利精密制造科技股份有限公司, 2999
浙江棒杰数码针织品股份有限公司, 3000
深圳市奥拓电子股份有限公司, 3001
通富微电子股份有限公司, 3002
大连天宝绿色食品股份有限公司, 3003
快意电梯股份有限公司, 3004
烟台泰和新材料股份有限公司, 3005
深圳万润科技股份有限公司, 3006
新疆天山水泥股份有限公司, 3007
云南罗平锌电股份有限公司, 3008
山西漳泽电力股份有限公司, 3009
深圳大通实业股份有限公司, 3010
桂林莱茵生物科技股份有限公司, 3011
江苏亚威机床股份有限公司, 3012
成都市兴蓉环境股份有限公司, 3013
无锡华东重型机械股份有限公司, 3014
中山达华智能科技股份有限公司, 3015
湖南泰嘉新材料科技股份有限公司, 3016
陕西兴化化学股份有限公司, 3017
北京东方雨虹防水技术股份有限公司, 3018
荣盛石化股份有限公司, 3019
天马微电子股份有限公司, 3020
武汉武商集团股份有限公司, 3021
浙江康盛股份有限公司, 3022
江苏爱康科技股份有限公司, 3023
深圳市裕同包装科技股份有限公司, 3024
山东胜利股份有限公司, 3025
山东太阳纸业股份有限公司, 3026
浙江嘉欣丝绸股份有限公司, 3027
中工国际工程股份有限公司, 3028
深圳市拓日新能源科技股份有限公司, 3029
奥瑞金包装股份有限公司, 3030
江苏农华智慧农业科技股份有限公司, 3031
天康生物股份有限公司, 3032
桂林旅游股份有限公司, 3033
鲁西化工集团股份有限公司, 3034
广州弘亚数控机械股份有限公司, 3035
山东墨龙石油机械股份有限公司, 3036
神州高铁技术股份有限公司, 3037
吉林化纤股份有限公司, 3038
云南能源投资股份有限公司, 3039
江苏金智科技股份有限公司, 3040
深圳市芭田生态工程股份有限公司, 3041
贵州黔源电力股份有限公司, 3042
山推工程机械股份有限公司, 3043
浙江精功科技股份有限公司, 3044
人人乐连锁商业集团股份有限公司, 3045
深圳市普路通供应链管理股份有限公司, 3046
深南电路股份有限公司, 3047
广州海鸥住宅工业股份有限公司, 3048
浙江震元股份有限公司, 3049
阳光新业地产股份有限公司, 3050
深圳美丽生态股份有限公司, 3051
恒宝股份有限公司, 3052
山东新华制药股份有限公司, 3053
云南白药集团股份有限公司, 3054
烟台东诚药业集团股份有限公司, 3055
中国长城科技集团股份有限公司, 3056
光启技术股份有限公司, 3057
九阳股份有限公司, 3058
南京华东电子信息科技股份有限公司, 3059
葫芦岛锌业股份有限公司, 3060
恺英网络股份有限公司, 3061
国盛金融控股集团股份有限公司, 3062
湖南投资集团股份有限公司, 3063
兰州佛慈制药股份有限公司, 3064
福建闽东电力股份有限公司, 3065
桂林三金药业股份有限公司, 3066
深圳市天地(集团)股份有限公司, 3067
新疆准东石油技术股份有限公司, 3068
深圳市卫光生物制品股份有限公司, 3069
浙江久立特材科技股份有限公司, 3070
泛海控股股份有限公司, 3071
广州毅昌科技股份有限公司, 3072
深圳市盐田港股份有限公司, 3073
联创电子科技股份有限公司, 3074
深圳雷柏科技股份有限公司, 3075
东方电子股份有限公司, 3076
葵花药业集团股份有限公司, 3077
嘉凯城集团股份有限公司, 3078
芜湖海螺型材科技股份有限公司, 3079
北京华远意通热力科技股份有限公司, 3080
亚夏汽车股份有限公司, 3081
浙江亚太药业股份有限公司, 3082
珠海赛隆药业股份有限公司, 3083
湖南大康国际农业食品股份有限公司, 3084
江苏霞客环保色纺股份有限公司, 3085
广东太安堂药业股份有限公司, 3086
国信证券股份有限公司, 3087
广东和胜工业铝材股份有限公司, 3088
中钢国际工程技术股份有限公司, 3089
深圳劲嘉集团股份有限公司, 3090
浙江友邦集成吊顶股份有限公司, 3091
深圳市科达利实业股份有限公司, 3092
伊戈尔电气股份有限公司, 3093
湘潭电化科技股份有限公司, 3094
北大医药股份有限公司, 3095
无锡智能自控工程股份有限公司, 3096
广州金逸影视传媒股份有限公司, 3097
广州越秀金融控股集团股份有限公司, 3098
上海康达化工新材料股份有限公司, 3099
成都康弘药业集团股份有限公司, 3100
东信和平科技股份有限公司, 3101
四川科伦药业股份有限公司, 3102
视觉(中国)文化发展股份有限公司, 3103
申科滑动轴承股份有限公司, 3104
皇氏集团股份有限公司, 3105
浙江爱仕达电器股份有限公司, 3106
安徽皖通科技股份有限公司, 3107
新海宜科技集团股份有限公司, 3108
光正集团股份有限公司, 3109
中捷资源投资股份有限公司, 3110
奥飞娱乐股份有限公司, 3111
中粮生物化学(安徽)股份有限公司, 3112
华闻传媒投资集团股份有限公司, 3113
德尔未来科技控股集团股份有限公司, 3114
重庆三峡油漆股份有限公司, 3115
苏州市世嘉科技股份有限公司, 3116
四川帝王洁具股份有限公司, 3117
江苏通润装备科技股份有限公司, 3118
北京中科三环高技术股份有限公司, 3119
福建三钢闽光股份有限公司, 3120
中科云网科技集团股份有限公司, 3121
深圳市海普瑞药业集团股份有限公司, 3122
浙江京新药业股份有限公司, 3123
浙江钱江摩托股份有限公司, 3124
欢瑞世纪联合股份有限公司, 3125
安徽楚江科技新材料股份有限公司, 3126
四川金宇汽车城(集团)股份有限公司, 3127
深圳广田集团股份有限公司, 3128
深圳顺络电子股份有限公司, 3129
宝鼎科技股份有限公司, 3130
陕西金叶科教集团股份有限公司, 3131
福建海源自动化机械股份有限公司, 3132
摩登大道时尚集团股份有限公司, 3133
珠海格力电器股份有限公司, 3134
百洋产业投资集团股份有限公司, 3135
新疆中泰化学股份有限公司, 3136
深圳麦格米特电气股份有限公司, 3137
天奇自动化工程股份有限公司, 3138
东阿阿胶股份有限公司, 3139
金龙羽集团股份有限公司, 3140
成都泰合健康科技集团股份有限公司, 3141
深圳中国农大科技股份有限公司, 3142
金河生物科技股份有限公司, 3143
珠海润都制药股份有限公司, 3144
江苏中南建设集团股份有限公司, 3145
川化股份有限公司, 3146
北京中科金财科技股份有限公司, 3147
深圳市得润电子股份有限公司, 3148
福建雪人股份有限公司, 3149
安徽鸿路钢结构(集团)股份有限公司, 3150
云南创新新材料股份有限公司, 3151
唐人神集团股份有限公司, 3152
广州智光电气股份有限公司, 3153
顺丰控股股份有限公司, 3154
南国置业股份有限公司, 3155
苏州天沃科技股份有限公司, 3156
郑州三晖电气股份有限公司, 3157
广东韶钢松山股份有限公司, 3158
上海加冷松芝汽车空调股份有限公司, 3159
宁夏西部创业实业股份有限公司, 3160
福建浔兴拉链科技股份有限公司, 3161
中航飞机股份有限公司, 3162
贤丰控股股份有限公司, 3163
中材科技股份有限公司, 3164
北京顺鑫农业股份有限公司, 3165
恒立实业发展集团股份有限公司, 3166
广东盛路通信科技股份有限公司, 3167
河南神火煤电股份有限公司, 3168
搜于特集团股份有限公司, 3169
电光防爆科技股份有限公司, 3170
银泰资源股份有限公司, 3171
云南旅游股份有限公司, 3172
深圳市卓翼科技股份有限公司, 3173
江苏联发纺织股份有限公司, 3174
神州易桥信息服务股份有限公司, 3175
山东圣阳电源股份有限公司, 3176
深圳市银宝山新科技股份有限公司, 3177
北京真视通科技股份有限公司, 3178
步步高商业连锁股份有限公司, 3179
杭州锅炉集团股份有限公司, 3180
华明电力装备股份有限公司, 3181
新华都购物广场股份有限公司, 3182
中福海峡(平潭)发展股份有限公司, 3183
万泽实业股份有限公司, 3184
东北证券股份有限公司, 3185
深圳键桥通讯技术股份有限公司, 3186
克明面业股份有限公司, 3187
新华联文化旅游发展股份有限公司, 3188
浙江明牌珠宝股份有限公司, 3189
吉林省集安益盛药业股份有限公司, 3190
焦作万方铝业股份有限公司, 3191
兰州三毛实业股份有限公司, 3192
道明光学股份有限公司, 3193
山东登海种业股份有限公司, 3194
山东联诚精密制造股份有限公司, 3195
金安国纪科技股份有限公司, 3196
中国振华(集团)科技股份有限公司, 3197
山东民和牧业股份有限公司, 3198
新光圆成股份有限公司, 3199
广东新宝电器股份有限公司, 3200
四川美丰化工股份有限公司, 3201
北京首航艾启威节能技术股份有限公司, 3202
厦门安妮股份有限公司, 3203
山东山大华特科技股份有限公司, 3204
金杯电工股份有限公司, 3205
铁岭新城投资控股股份有限公司, 3206
浙江亚厦装饰股份有限公司, 3207
广东高乐玩具股份有限公司, 3208
巨人网络集团股份有限公司, 3209
苏宁环球股份有限公司, 3210
山东地矿股份有限公司, 3211
江苏沙钢股份有限公司, 3212
深圳市沃特新材料股份有限公司, 3213
石家庄常山北明科技股份有限公司, 3214
上海二三四五网络控股集团股份有限公司, 3215
昆明百货大楼(集团)股份有限公司, 3216
浙江省围海建设集团股份有限公司, 3217
顺发恒业股份公司, 3218
天津津滨发展股份有限公司, 3219
上海神开石油化工装备股份有限公司, 3220
华夏航空股份有限公司, 3221
中兴通讯股份有限公司, 3222
上海良信电器股份有限公司, 3223
新疆浩源天然气股份有限公司, 3224
冀凯装备制造股份有限公司, 3225
福建三木集团股份有限公司, 3226
湖南友谊阿波罗商业股份有限公司, 3227
唐山冀东装备工程股份有限公司, 3228
广东水电二局股份有限公司, 3229
山东赫达股份有限公司, 3230
华塑控股股份有限公司, 3231
深圳信隆健康产业发展股份有限公司, 3232
江苏鱼跃医疗设备股份有限公司, 3233
华工科技产业股份有限公司, 3234
山西西山煤电股份有限公司, 3235
上海百润投资控股集团股份有限公司, 3236
山东隆基机械股份有限公司, 3237
中基健康产业股份有限公司, 3238
金轮蓝海股份有限公司, 3239
潍柴重机股份有限公司, 3240
湖南南岭民用爆破器材股份有限公司, 3241
惠州市德赛西威汽车电子股份有限公司, 3242
深圳市振业(集团)股份有限公司, 3243
广东凌霄泵业股份有限公司, 3244
深圳市科陆电子科技股份有限公司, 3245
肇庆华锋电子铝箔股份有限公司, 3246
长城国际动漫游戏股份有限公司, 3247
宁夏东方钽业股份有限公司, 3248
河北宣化工程机械股份有限公司, 3249
濮阳濮耐高温材料(集团)股份有限公司, 3250
中国武夷实业股份有限公司, 3251
奥特佳新能源科技股份有限公司, 3252
江西万年青水泥股份有限公司, 3253
深圳市德赛电池科技股份有限公司, 3254
深圳市特尔佳科技股份有限公司, 3255
恒康医疗集团股份有限公司, 3256
深圳市安奈儿股份有限公司, 3257
海南海峡航运股份有限公司, 3258
山河智能装备股份有限公司, 3259
荣丰控股集团股份有限公司, 3260
阳光城集团股份有限公司, 3261
朗姿股份有限公司, 3262
浙江乔治白服饰股份有限公司, 3263
深圳市和科达精密清洗设备股份有限公司, 3264
北京千方科技股份有限公司, 3265
嘉事堂药业股份有限公司, 3266
林州重机集团股份有限公司, 3267
上海新朋实业股份有限公司, 3268
西藏矿业发展股份有限公司, 3269
上海威尔泰工业自动化股份有限公司, 3270
棕榈生态城镇发展股份有限公司, 3271
中石化石油机械股份有限公司, 3272
厦门金达威集团股份有限公司, 3273
天水华天科技股份有限公司, 3274
广东燕塘乳业股份有限公司, 3275
天津中环半导体股份有限公司, 3276
北京燕京啤酒股份有限公司, 3277
宁波康强电子股份有限公司, 3278
东莞勤上光电股份有限公司, 3279
龙蟒佰利联集团股份有限公司, 3280
慈文传媒股份有限公司, 3281
浙江金洲管道科技股份有限公司, 3282
北京中迪投资股份有限公司, 3283
广州广电运通金融电子股份有限公司, 3284
山东得利斯食品股份有限公司, 3285
湖北宜昌交运集团股份有限公司, 3286
江苏常宝钢管股份有限公司, 3287
上海海得控制系统股份有限公司, 3288
浙江华峰氨纶股份有限公司, 3289
北京威卡威汽车零部件股份有限公司, 3290
浙江洁美电子科技股份有限公司, 3291
江苏亚太轻合金科技股份有限公司, 3292
南京公用发展股份有限公司, 3293
沈阳远大智能工业集团股份有限公司, 3294
南洋天融信科技集团股份有限公司, 3295
山东共达电声股份有限公司, 3296
天马轴承集团股份有限公司, 3297
青岛汉缆股份有限公司, 3298
广东德生科技股份有限公司, 3299
广东红墙新材料股份有限公司, 3300
广东英联包装股份有限公司, 3301
新疆贝肯能源工程股份有限公司, 3302
齐峰新材料股份有限公司, 3303
烟台双塔食品股份有限公司, 3304
华讯方舟股份有限公司, 3305
兰州黄河企业股份有限公司, 3306
国元证券股份有限公司, 3307
中信海洋直升机股份有限公司, 3308
浙江万安科技股份有限公司, 3309
浙江万马股份有限公司, 3310
华数传媒控股股份有限公司, 3311
深圳市农产品股份有限公司, 3312
上海新时达电气股份有限公司, 3313
深圳华控赛格股份有限公司, 3314
深圳日海通讯技术股份有限公司, 3315
北京东方新星石化工程股份有限公司, 3316
天津绿茵景观生态建设股份有限公司, 3317
瑞康医药股份有限公司, 3318
广东金莱特电器股份有限公司, 3319
青岛英派斯健康科技股份有限公司, 3320
金陵药业股份有限公司, 3321
佛山市国星光电股份有限公司, 3322
石家庄以岭药业股份有限公司, 3323
成都市贝瑞和康基因技术股份有限公司, 3324
长江证券股份有限公司, 3325
河南森源电气股份有限公司, 3326
京蓝科技股份有限公司, 3327
许昌远东传动轴股份有限公司, 3328
深圳市漫步者科技股份有限公司, 3329
融钰集团股份有限公司, 3330
广东佳隆食品股份有限公司, 3331
青海盐湖工业股份有限公司, 3332
云南锡业股份有限公司, 3333
内蒙古远兴能源股份有限公司, 3334
新疆合金投资股份有限公司, 3335
湖南凯美特气体股份有限公司, 3336
无锡双象超纤材料股份有限公司, 3337
江苏中利集团股份有限公司, 3338
长城影视股份有限公司, 3339
深圳市惠程电气股份有限公司, 3340
罗莱生活科技股份有限公司, 3341
苏州恒久光电科技股份有限公司, 3342
江苏中设集团股份有限公司, 3343
吉林电力股份有限公司, 3344
金洲慈航集团股份有限公司, 3345
江苏蓝丰生物化工股份有限公司, 3346
歌尔股份有限公司, 3347
利欧集团股份有限公司, 3348
西安国际医学投资股份有限公司, 3349
上海力盛赛车文化股份有限公司, 3350
中南红文化集团股份有限公司, 3351
天齐锂业股份有限公司, 3352
深圳市尚荣医疗股份有限公司, 3353
陕西省天然气股份有限公司, 3354
纳思达股份有限公司, 3355
深圳拓邦股份有限公司, 3356
合肥百货大楼集团股份有限公司, 3357
北京中关村科技发展(控股)股份有限公司, 3358
中联重科股份有限公司, 3359
合肥美亚光电技术股份有限公司, 3360
广东世荣兆业股份有限公司, 3361
东莞宏远工业区股份有限公司, 3362
焦点科技股份有限公司, 3363
中国航发动力控制股份有限公司, 3364
中国国际海运集装箱(集团)股份有限公司, 3365
沈阳萃华金银珠宝股份有限公司, 3366
深圳市中洲投资控股股份有限公司, 3367
温州意华接插件股份有限公司, 3368
南京新联电子股份有限公司, 3369
中节能太阳能股份有限公司, 3370
紫光股份有限公司, 3371
上海悦心健康集团股份有限公司, 3372
南通江海电容器股份有限公司, 3373
贵阳新天药业股份有限公司, 3374
三湘印象股份有限公司, 3375
深圳市怡亚通供应链股份有限公司, 3376
浙江世纪华通集团股份有限公司, 3377
金科地产集团股份有限公司, 3378
拓维信息系统股份有限公司, 3379
苏州春兴精工股份有限公司, 3380
浙江海利得新材料股份有限公司, 3381
安徽神剑新材料股份有限公司, 3382
深圳能源集团股份有限公司, 3383
茂业通信网络股份有限公司, 3384
宁波华翔电子股份有限公司, 3385
张家界旅游集团股份有限公司, 3386
天津普林电路股份有限公司, 3387
威海华东数控股份有限公司, 3388
经纬纺织机械股份有限公司, 3389
深圳市兆驰股份有限公司, 3390
浙江伟星实业发展股份有限公司, 3391
广州市浪奇实业股份有限公司, 3392
东方时代网络传媒股份有限公司, 3393
方大锦化化工科技股份有限公司, 3394
山西三维集团股份有限公司, 3395
潍柴动力股份有限公司, 3396
智度科技股份有限公司, 3397
海能达通信股份有限公司, 3398
西部证券股份有限公司, 3399
岳阳兴长石化股份有限公司, 3400
金融街控股股份有限公司, 3401
利民化工股份有限公司, 3402
深圳市中新赛克科技股份有限公司, 3403
新疆金风科技股份有限公司, 3404
渤海金控投资股份有限公司, 3405
重庆市涪陵榨菜集团股份有限公司, 3406
重庆渝开发股份有限公司, 3407
北京京西文化旅游股份有限公司, 3408
北方国际合作股份有限公司, 3409
广东精艺金属股份有限公司, 3410
四川国光农化股份有限公司, 3411
珠海华金资本股份有限公司, 3412
深南金科股份有限公司, 3413
浙江双环传动机械股份有限公司, 3414
湖南天润数字娱乐文化传媒股份有限公司, 3415
哈尔滨三联药业股份有限公司, 3416
苏州金螳螂建筑装饰股份有限公司, 3417
宁夏中银绒业股份有限公司, 3418
众应互联科技股份有限公司, 3419
深圳市亚泰国际建设股份有限公司, 3420
福建星网锐捷通讯股份有限公司, 3421
深圳市洪涛装饰股份有限公司, 3422
宏达高科控股股份有限公司, 3423
东北制药集团股份有限公司, 3424
广东东方锆业科技股份有限公司, 3425
襄阳汽车轴承股份有限公司, 3426
东华能源股份有限公司, 3427
深圳市金新农科技股份有限公司, 3428
湖北瀛通通讯线材股份有限公司, 3429
江苏高科石化股份有限公司, 3430
云南临沧鑫圆锗业股份有限公司, 3431
京汉实业投资股份有限公司, 3432
深圳市名雕装饰股份有限公司, 3433
欧菲科技股份有限公司, 3434
四川九洲电器股份有限公司, 3435
深圳市建艺装饰集团股份有限公司, 3436
中原大地传媒股份有限公司, 3437
广东鸿图科技股份有限公司, 3438
广东宏大爆破股份有限公司, 3439
众信旅游集团股份有限公司, 3440
长春高新技术产业(集团)股份有限公司, 3441
高升控股股份有限公司, 3442
江苏雅百特科技股份有限公司, 3443
深圳市新纶科技股份有限公司, 3444
南华生物医药股份有限公司, 3445
铜陵有色金属集团股份有限公司, 3446
深圳市机场股份有限公司, 3447
浙江大东南股份有限公司, 3448
广东新宏泽包装股份有限公司, 3449
中建西部建设股份有限公司, 3450
渤海水业股份有限公司, 3451
印纪娱乐传媒股份有限公司, 3452
湖南发展集团股份有限公司, 3453
贵州泰永长征技术股份有限公司, 3454
贝因美婴童食品股份有限公司, 3455
北京东方中科集成科技股份有限公司, 3456
华西证券股份有限公司, 3457
广州视源电子科技股份有限公司, 3458
河南豫能控股股份有限公司, 3459
天邦食品股份有限公司, 3460
深圳文科园林股份有限公司, 3461
中信国安信息产业股份有限公司, 3462
中钢集团安徽天源科技股份有限公司, 3463
申通快递股份有限公司, 3464
重庆宗申动力机械股份有限公司, 3465
浙江亚太机电股份有限公司, 3466
天津桂发祥十八街麻花食品股份有限公司, 3467
江苏张家港农村商业银行股份有限公司, 3468
德展大健康股份有限公司, 3469
深圳科士达科技股份有限公司, 3470
四川金路集团股份有限公司, 3471
中国中期投资股份有限公司, 3472
湖南梦洁家纺股份有限公司, 3473
盛达矿业股份有限公司, 3474
厦门万里石股份有限公司, 3475
巴士在线股份有限公司, 3476
深圳达实智能股份有限公司, 3477
北海银河生物产业投资股份有限公司, 3478
深圳市金奥博科技股份有限公司, 3479
贵州川恒化工股份有限公司, 3480
吉林利源精制股份有限公司, 3481
江苏华西村股份有限公司, 3482
利达光电股份有限公司, 3483
山西蓝焰控股股份有限公司, 3484
佛山市燃气集团股份有限公司, 3485
海南瑞泽新型建材股份有限公司, 3486
成都三泰控股集团股份有限公司, 3487
西安饮食股份有限公司, 3488
山东龙泉管道工程股份有限公司, 3489
广东众生药业股份有限公司, 3490
青海互助青稞酒股份有限公司, 3491
凯撒(中国)文化股份有限公司, 3492
华兰生物工程股份有限公司, 3493
天津广宇发展股份有限公司, 3494
四川久远银海软件股份有限公司, 3495
深圳市兆新能源股份有限公司, 3496
山东海化股份有限公司, 3497
大连电瓷集团股份有限公司, 3498
福建众和股份有限公司, 3499
美盛文化创意股份有限公司, 3500
威创集团股份有限公司, 3501
天津泰达股份有限公司, 3502
万邦德新材股份有限公司, 3503
深圳市宝鹰建设控股集团股份有限公司, 3504
仁和药业股份有限公司, 3505
沙河实业股份有限公司, 3506
河南辉煌科技股份有限公司, 3507
浙江东晶电子股份有限公司, 3508
淄博齐翔腾达化工股份有限公司, 3509
河南科迪乳业股份有限公司, 3510
